image_path,label
train_labeled\0\0.png,0
train_labeled\0\1.png,0
train_labeled\0\2.png,0
train_labeled\0\3.png,0
train_labeled\0\4.png,0
train_labeled\0\5.png,0
train_labeled\0\6.png,0
train_labeled\0\7.png,0
train_labeled\0\8.png,0
train_labeled\0\9.png,0
train_labeled\0\10.png,0
train_labeled\0\11.png,0
train_labeled\0\12.png,0
train_labeled\0\13.png,0
train_labeled\0\14.png,0
train_labeled\0\15.png,0
train_labeled\0\16.png,0
train_labeled\0\17.png,0
train_labeled\0\18.png,0
train_labeled\0\19.png,0
train_labeled\0\20.png,0
train_labeled\0\21.png,0
train_labeled\0\22.png,0
train_labeled\0\23.png,0
train_labeled\0\24.png,0
train_labeled\0\25.png,0
train_labeled\0\26.png,0
train_labeled\0\27.png,0
train_labeled\0\28.png,0
train_labeled\0\29.png,0
train_labeled\0\30.png,0
train_labeled\0\31.png,0
train_labeled\0\32.png,0
train_labeled\0\33.png,0
train_labeled\0\34.png,0
train_labeled\0\35.png,0
train_labeled\0\36.png,0
train_labeled\0\37.png,0
train_labeled\0\38.png,0
train_labeled\0\39.png,0
train_labeled\0\40.png,0
train_labeled\0\41.png,0
train_labeled\0\42.png,0
train_labeled\0\43.png,0
train_labeled\0\44.png,0
train_labeled\0\45.png,0
train_labeled\0\46.png,0
train_labeled\0\47.png,0
train_labeled\0\48.png,0
train_labeled\0\49.png,0
train_labeled\0\50.png,0
train_labeled\0\51.png,0
train_labeled\0\52.png,0
train_labeled\0\53.png,0
train_labeled\0\54.png,0
train_labeled\0\55.png,0
train_labeled\0\56.png,0
train_labeled\0\57.png,0
train_labeled\0\58.png,0
train_labeled\0\59.png,0
train_labeled\0\60.png,0
train_labeled\0\61.png,0
train_labeled\0\62.png,0
train_labeled\0\63.png,0
train_labeled\0\64.png,0
train_labeled\0\65.png,0
train_labeled\0\66.png,0
train_labeled\0\67.png,0
train_labeled\0\68.png,0
train_labeled\0\69.png,0
train_labeled\0\70.png,0
train_labeled\0\71.png,0
train_labeled\0\72.png,0
train_labeled\0\73.png,0
train_labeled\0\74.png,0
train_labeled\0\75.png,0
train_labeled\0\76.png,0
train_labeled\0\77.png,0
train_labeled\0\78.png,0
train_labeled\0\79.png,0
train_labeled\0\80.png,0
train_labeled\0\81.png,0
train_labeled\0\82.png,0
train_labeled\0\83.png,0
train_labeled\0\84.png,0
train_labeled\0\85.png,0
train_labeled\0\86.png,0
train_labeled\0\87.png,0
train_labeled\0\88.png,0
train_labeled\0\89.png,0
train_labeled\0\90.png,0
train_labeled\0\91.png,0
train_labeled\0\92.png,0
train_labeled\0\93.png,0
train_labeled\0\94.png,0
train_labeled\0\95.png,0
train_labeled\0\96.png,0
train_labeled\0\97.png,0
train_labeled\0\98.png,0
train_labeled\0\99.png,0
train_labeled\0\100.png,0
train_labeled\0\101.png,0
train_labeled\0\102.png,0
train_labeled\0\103.png,0
train_labeled\0\104.png,0
train_labeled\0\105.png,0
train_labeled\0\106.png,0
train_labeled\0\107.png,0
train_labeled\0\108.png,0
train_labeled\0\109.png,0
train_labeled\0\110.png,0
train_labeled\0\111.png,0
train_labeled\0\112.png,0
train_labeled\0\113.png,0
train_labeled\0\114.png,0
train_labeled\0\115.png,0
train_labeled\0\116.png,0
train_labeled\0\117.png,0
train_labeled\0\118.png,0
train_labeled\0\119.png,0
train_labeled\0\120.png,0
train_labeled\0\121.png,0
train_labeled\0\122.png,0
train_labeled\0\123.png,0
train_labeled\0\124.png,0
train_labeled\0\125.png,0
train_labeled\0\126.png,0
train_labeled\0\127.png,0
train_labeled\0\128.png,0
train_labeled\0\129.png,0
train_labeled\0\130.png,0
train_labeled\0\131.png,0
train_labeled\0\132.png,0
train_labeled\0\133.png,0
train_labeled\0\134.png,0
train_labeled\0\135.png,0
train_labeled\0\136.png,0
train_labeled\0\137.png,0
train_labeled\0\138.png,0
train_labeled\0\139.png,0
train_labeled\0\140.png,0
train_labeled\0\141.png,0
train_labeled\0\142.png,0
train_labeled\0\143.png,0
train_labeled\0\144.png,0
train_labeled\0\145.png,0
train_labeled\0\146.png,0
train_labeled\0\147.png,0
train_labeled\0\148.png,0
train_labeled\0\149.png,0
train_labeled\0\150.png,0
train_labeled\0\151.png,0
train_labeled\0\152.png,0
train_labeled\0\153.png,0
train_labeled\0\154.png,0
train_labeled\0\155.png,0
train_labeled\0\156.png,0
train_labeled\0\157.png,0
train_labeled\0\158.png,0
train_labeled\0\159.png,0
train_labeled\0\160.png,0
train_labeled\0\161.png,0
train_labeled\0\162.png,0
train_labeled\0\163.png,0
train_labeled\0\164.png,0
train_labeled\0\165.png,0
train_labeled\0\166.png,0
train_labeled\0\167.png,0
train_labeled\0\168.png,0
train_labeled\0\169.png,0
train_labeled\0\170.png,0
train_labeled\0\171.png,0
train_labeled\0\172.png,0
train_labeled\0\173.png,0
train_labeled\0\174.png,0
train_labeled\0\175.png,0
train_labeled\0\176.png,0
train_labeled\0\177.png,0
train_labeled\0\178.png,0
train_labeled\0\179.png,0
train_labeled\0\180.png,0
train_labeled\0\181.png,0
train_labeled\0\182.png,0
train_labeled\0\183.png,0
train_labeled\0\184.png,0
train_labeled\0\185.png,0
train_labeled\0\186.png,0
train_labeled\0\187.png,0
train_labeled\0\188.png,0
train_labeled\0\189.png,0
train_labeled\0\190.png,0
train_labeled\0\191.png,0
train_labeled\0\192.png,0
train_labeled\0\193.png,0
train_labeled\0\194.png,0
train_labeled\0\195.png,0
train_labeled\0\196.png,0
train_labeled\0\197.png,0
train_labeled\0\198.png,0
train_labeled\0\199.png,0
train_labeled\0\200.png,0
train_labeled\0\201.png,0
train_labeled\0\202.png,0
train_labeled\0\203.png,0
train_labeled\0\204.png,0
train_labeled\0\205.png,0
train_labeled\0\206.png,0
train_labeled\0\207.png,0
train_labeled\0\208.png,0
train_labeled\0\209.png,0
train_labeled\0\210.png,0
train_labeled\0\211.png,0
train_labeled\0\212.png,0
train_labeled\0\213.png,0
train_labeled\0\214.png,0
train_labeled\0\215.png,0
train_labeled\0\216.png,0
train_labeled\0\217.png,0
train_labeled\0\218.png,0
train_labeled\0\219.png,0
train_labeled\0\220.png,0
train_labeled\0\221.png,0
train_labeled\0\222.png,0
train_labeled\0\223.png,0
train_labeled\0\224.png,0
train_labeled\0\225.png,0
train_labeled\0\226.png,0
train_labeled\0\227.png,0
train_labeled\0\228.png,0
train_labeled\0\229.png,0
train_labeled\0\230.png,0
train_labeled\0\231.png,0
train_labeled\0\232.png,0
train_labeled\0\233.png,0
train_labeled\0\234.png,0
train_labeled\0\235.png,0
train_labeled\0\236.png,0
train_labeled\0\237.png,0
train_labeled\0\238.png,0
train_labeled\0\239.png,0
train_labeled\0\240.png,0
train_labeled\0\241.png,0
train_labeled\0\242.png,0
train_labeled\0\243.png,0
train_labeled\0\244.png,0
train_labeled\0\245.png,0
train_labeled\0\246.png,0
train_labeled\0\247.png,0
train_labeled\0\248.png,0
train_labeled\0\249.png,0
train_labeled\1\250.png,1
train_labeled\1\251.png,1
train_labeled\1\252.png,1
train_labeled\1\253.png,1
train_labeled\1\254.png,1
train_labeled\1\255.png,1
train_labeled\1\256.png,1
train_labeled\1\257.png,1
train_labeled\1\258.png,1
train_labeled\1\259.png,1
train_labeled\1\260.png,1
train_labeled\1\261.png,1
train_labeled\1\262.png,1
train_labeled\1\263.png,1
train_labeled\1\264.png,1
train_labeled\1\265.png,1
train_labeled\1\266.png,1
train_labeled\1\267.png,1
train_labeled\1\268.png,1
train_labeled\1\269.png,1
train_labeled\1\270.png,1
train_labeled\1\271.png,1
train_labeled\1\272.png,1
train_labeled\1\273.png,1
train_labeled\1\274.png,1
train_labeled\1\275.png,1
train_labeled\1\276.png,1
train_labeled\1\277.png,1
train_labeled\1\278.png,1
train_labeled\1\279.png,1
train_labeled\1\280.png,1
train_labeled\1\281.png,1
train_labeled\1\282.png,1
train_labeled\1\283.png,1
train_labeled\1\284.png,1
train_labeled\1\285.png,1
train_labeled\1\286.png,1
train_labeled\1\287.png,1
train_labeled\1\288.png,1
train_labeled\1\289.png,1
train_labeled\1\290.png,1
train_labeled\1\291.png,1
train_labeled\1\292.png,1
train_labeled\1\293.png,1
train_labeled\1\294.png,1
train_labeled\1\295.png,1
train_labeled\1\296.png,1
train_labeled\1\297.png,1
train_labeled\1\298.png,1
train_labeled\1\299.png,1
train_labeled\1\300.png,1
train_labeled\1\301.png,1
train_labeled\1\302.png,1
train_labeled\1\303.png,1
train_labeled\1\304.png,1
train_labeled\1\305.png,1
train_labeled\1\306.png,1
train_labeled\1\307.png,1
train_labeled\1\308.png,1
train_labeled\1\309.png,1
train_labeled\1\310.png,1
train_labeled\1\311.png,1
train_labeled\1\312.png,1
train_labeled\1\313.png,1
train_labeled\1\314.png,1
train_labeled\1\315.png,1
train_labeled\1\316.png,1
train_labeled\1\317.png,1
train_labeled\1\318.png,1
train_labeled\1\319.png,1
train_labeled\1\320.png,1
train_labeled\1\321.png,1
train_labeled\1\322.png,1
train_labeled\1\323.png,1
train_labeled\1\324.png,1
train_labeled\1\325.png,1
train_labeled\1\326.png,1
train_labeled\1\327.png,1
train_labeled\1\328.png,1
train_labeled\1\329.png,1
train_labeled\1\330.png,1
train_labeled\1\331.png,1
train_labeled\1\332.png,1
train_labeled\1\333.png,1
train_labeled\1\334.png,1
train_labeled\1\335.png,1
train_labeled\1\336.png,1
train_labeled\1\337.png,1
train_labeled\1\338.png,1
train_labeled\1\339.png,1
train_labeled\1\340.png,1
train_labeled\1\341.png,1
train_labeled\1\342.png,1
train_labeled\1\343.png,1
train_labeled\1\344.png,1
train_labeled\1\345.png,1
train_labeled\1\346.png,1
train_labeled\1\347.png,1
train_labeled\1\348.png,1
train_labeled\1\349.png,1
train_labeled\1\350.png,1
train_labeled\1\351.png,1
train_labeled\1\352.png,1
train_labeled\1\353.png,1
train_labeled\1\354.png,1
train_labeled\1\355.png,1
train_labeled\1\356.png,1
train_labeled\1\357.png,1
train_labeled\1\358.png,1
train_labeled\1\359.png,1
train_labeled\1\360.png,1
train_labeled\1\361.png,1
train_labeled\1\362.png,1
train_labeled\1\363.png,1
train_labeled\1\364.png,1
train_labeled\1\365.png,1
train_labeled\1\366.png,1
train_labeled\1\367.png,1
train_labeled\1\368.png,1
train_labeled\1\369.png,1
train_labeled\1\370.png,1
train_labeled\1\371.png,1
train_labeled\1\372.png,1
train_labeled\1\373.png,1
train_labeled\1\374.png,1
train_labeled\1\375.png,1
train_labeled\1\376.png,1
train_labeled\1\377.png,1
train_labeled\1\378.png,1
train_labeled\1\379.png,1
train_labeled\1\380.png,1
train_labeled\1\381.png,1
train_labeled\1\382.png,1
train_labeled\1\383.png,1
train_labeled\1\384.png,1
train_labeled\1\385.png,1
train_labeled\1\386.png,1
train_labeled\1\387.png,1
train_labeled\1\388.png,1
train_labeled\1\389.png,1
train_labeled\1\390.png,1
train_labeled\1\391.png,1
train_labeled\1\392.png,1
train_labeled\1\393.png,1
train_labeled\1\394.png,1
train_labeled\1\395.png,1
train_labeled\1\396.png,1
train_labeled\1\397.png,1
train_labeled\1\398.png,1
train_labeled\1\399.png,1
train_labeled\1\400.png,1
train_labeled\1\401.png,1
train_labeled\1\402.png,1
train_labeled\1\403.png,1
train_labeled\1\404.png,1
train_labeled\1\405.png,1
train_labeled\1\406.png,1
train_labeled\1\407.png,1
train_labeled\1\408.png,1
train_labeled\1\409.png,1
train_labeled\1\410.png,1
train_labeled\1\411.png,1
train_labeled\1\412.png,1
train_labeled\1\413.png,1
train_labeled\1\414.png,1
train_labeled\1\415.png,1
train_labeled\1\416.png,1
train_labeled\1\417.png,1
train_labeled\1\418.png,1
train_labeled\1\419.png,1
train_labeled\1\420.png,1
train_labeled\1\421.png,1
train_labeled\1\422.png,1
train_labeled\1\423.png,1
train_labeled\1\424.png,1
train_labeled\1\425.png,1
train_labeled\1\426.png,1
train_labeled\1\427.png,1
train_labeled\1\428.png,1
train_labeled\1\429.png,1
train_labeled\1\430.png,1
train_labeled\1\431.png,1
train_labeled\1\432.png,1
train_labeled\1\433.png,1
train_labeled\1\434.png,1
train_labeled\1\435.png,1
train_labeled\1\436.png,1
train_labeled\1\437.png,1
train_labeled\1\438.png,1
train_labeled\1\439.png,1
train_labeled\1\440.png,1
train_labeled\1\441.png,1
train_labeled\1\442.png,1
train_labeled\1\443.png,1
train_labeled\1\444.png,1
train_labeled\1\445.png,1
train_labeled\1\446.png,1
train_labeled\1\447.png,1
train_labeled\1\448.png,1
train_labeled\1\449.png,1
train_labeled\1\450.png,1
train_labeled\1\451.png,1
train_labeled\1\452.png,1
train_labeled\1\453.png,1
train_labeled\1\454.png,1
train_labeled\1\455.png,1
train_labeled\1\456.png,1
train_labeled\1\457.png,1
train_labeled\1\458.png,1
train_labeled\1\459.png,1
train_labeled\1\460.png,1
train_labeled\1\461.png,1
train_labeled\1\462.png,1
train_labeled\1\463.png,1
train_labeled\1\464.png,1
train_labeled\1\465.png,1
train_labeled\1\466.png,1
train_labeled\1\467.png,1
train_labeled\1\468.png,1
train_labeled\1\469.png,1
train_labeled\1\470.png,1
train_labeled\1\471.png,1
train_labeled\1\472.png,1
train_labeled\1\473.png,1
train_labeled\1\474.png,1
train_labeled\1\475.png,1
train_labeled\1\476.png,1
train_labeled\1\477.png,1
train_labeled\1\478.png,1
train_labeled\1\479.png,1
train_labeled\1\480.png,1
train_labeled\1\481.png,1
train_labeled\1\482.png,1
train_labeled\1\483.png,1
train_labeled\1\484.png,1
train_labeled\1\485.png,1
train_labeled\1\486.png,1
train_labeled\1\487.png,1
train_labeled\1\488.png,1
train_labeled\1\489.png,1
train_labeled\1\490.png,1
train_labeled\1\491.png,1
train_labeled\1\492.png,1
train_labeled\1\493.png,1
train_labeled\1\494.png,1
train_labeled\1\495.png,1
train_labeled\1\496.png,1
train_labeled\1\497.png,1
train_labeled\1\498.png,1
train_labeled\1\499.png,1
train_labeled\2\500.png,2
train_labeled\2\501.png,2
train_labeled\2\502.png,2
train_labeled\2\503.png,2
train_labeled\2\504.png,2
train_labeled\2\505.png,2
train_labeled\2\506.png,2
train_labeled\2\507.png,2
train_labeled\2\508.png,2
train_labeled\2\509.png,2
train_labeled\2\510.png,2
train_labeled\2\511.png,2
train_labeled\2\512.png,2
train_labeled\2\513.png,2
train_labeled\2\514.png,2
train_labeled\2\515.png,2
train_labeled\2\516.png,2
train_labeled\2\517.png,2
train_labeled\2\518.png,2
train_labeled\2\519.png,2
train_labeled\2\520.png,2
train_labeled\2\521.png,2
train_labeled\2\522.png,2
train_labeled\2\523.png,2
train_labeled\2\524.png,2
train_labeled\2\525.png,2
train_labeled\2\526.png,2
train_labeled\2\527.png,2
train_labeled\2\528.png,2
train_labeled\2\529.png,2
train_labeled\2\530.png,2
train_labeled\2\531.png,2
train_labeled\2\532.png,2
train_labeled\2\533.png,2
train_labeled\2\534.png,2
train_labeled\2\535.png,2
train_labeled\2\536.png,2
train_labeled\2\537.png,2
train_labeled\2\538.png,2
train_labeled\2\539.png,2
train_labeled\2\540.png,2
train_labeled\2\541.png,2
train_labeled\2\542.png,2
train_labeled\2\543.png,2
train_labeled\2\544.png,2
train_labeled\2\545.png,2
train_labeled\2\546.png,2
train_labeled\2\547.png,2
train_labeled\2\548.png,2
train_labeled\2\549.png,2
train_labeled\2\550.png,2
train_labeled\2\551.png,2
train_labeled\2\552.png,2
train_labeled\2\553.png,2
train_labeled\2\554.png,2
train_labeled\2\555.png,2
train_labeled\2\556.png,2
train_labeled\2\557.png,2
train_labeled\2\558.png,2
train_labeled\2\559.png,2
train_labeled\2\560.png,2
train_labeled\2\561.png,2
train_labeled\2\562.png,2
train_labeled\2\563.png,2
train_labeled\2\564.png,2
train_labeled\2\565.png,2
train_labeled\2\566.png,2
train_labeled\2\567.png,2
train_labeled\2\568.png,2
train_labeled\2\569.png,2
train_labeled\2\570.png,2
train_labeled\2\571.png,2
train_labeled\2\572.png,2
train_labeled\2\573.png,2
train_labeled\2\574.png,2
train_labeled\2\575.png,2
train_labeled\2\576.png,2
train_labeled\2\577.png,2
train_labeled\2\578.png,2
train_labeled\2\579.png,2
train_labeled\2\580.png,2
train_labeled\2\581.png,2
train_labeled\2\582.png,2
train_labeled\2\583.png,2
train_labeled\2\584.png,2
train_labeled\2\585.png,2
train_labeled\2\586.png,2
train_labeled\2\587.png,2
train_labeled\2\588.png,2
train_labeled\2\589.png,2
train_labeled\2\590.png,2
train_labeled\2\591.png,2
train_labeled\2\592.png,2
train_labeled\2\593.png,2
train_labeled\2\594.png,2
train_labeled\2\595.png,2
train_labeled\2\596.png,2
train_labeled\2\597.png,2
train_labeled\2\598.png,2
train_labeled\2\599.png,2
train_labeled\2\600.png,2
train_labeled\2\601.png,2
train_labeled\2\602.png,2
train_labeled\2\603.png,2
train_labeled\2\604.png,2
train_labeled\2\605.png,2
train_labeled\2\606.png,2
train_labeled\2\607.png,2
train_labeled\2\608.png,2
train_labeled\2\609.png,2
train_labeled\2\610.png,2
train_labeled\2\611.png,2
train_labeled\2\612.png,2
train_labeled\2\613.png,2
train_labeled\2\614.png,2
train_labeled\2\615.png,2
train_labeled\2\616.png,2
train_labeled\2\617.png,2
train_labeled\2\618.png,2
train_labeled\2\619.png,2
train_labeled\2\620.png,2
train_labeled\2\621.png,2
train_labeled\2\622.png,2
train_labeled\2\623.png,2
train_labeled\2\624.png,2
train_labeled\2\625.png,2
train_labeled\2\626.png,2
train_labeled\2\627.png,2
train_labeled\2\628.png,2
train_labeled\2\629.png,2
train_labeled\2\630.png,2
train_labeled\2\631.png,2
train_labeled\2\632.png,2
train_labeled\2\633.png,2
train_labeled\2\634.png,2
train_labeled\2\635.png,2
train_labeled\2\636.png,2
train_labeled\2\637.png,2
train_labeled\2\638.png,2
train_labeled\2\639.png,2
train_labeled\2\640.png,2
train_labeled\2\641.png,2
train_labeled\2\642.png,2
train_labeled\2\643.png,2
train_labeled\2\644.png,2
train_labeled\2\645.png,2
train_labeled\2\646.png,2
train_labeled\2\647.png,2
train_labeled\2\648.png,2
train_labeled\2\649.png,2
train_labeled\2\650.png,2
train_labeled\2\651.png,2
train_labeled\2\652.png,2
train_labeled\2\653.png,2
train_labeled\2\654.png,2
train_labeled\2\655.png,2
train_labeled\2\656.png,2
train_labeled\2\657.png,2
train_labeled\2\658.png,2
train_labeled\2\659.png,2
train_labeled\2\660.png,2
train_labeled\2\661.png,2
train_labeled\2\662.png,2
train_labeled\2\663.png,2
train_labeled\2\664.png,2
train_labeled\2\665.png,2
train_labeled\2\666.png,2
train_labeled\2\667.png,2
train_labeled\2\668.png,2
train_labeled\2\669.png,2
train_labeled\2\670.png,2
train_labeled\2\671.png,2
train_labeled\2\672.png,2
train_labeled\2\673.png,2
train_labeled\2\674.png,2
train_labeled\2\675.png,2
train_labeled\2\676.png,2
train_labeled\2\677.png,2
train_labeled\2\678.png,2
train_labeled\2\679.png,2
train_labeled\2\680.png,2
train_labeled\2\681.png,2
train_labeled\2\682.png,2
train_labeled\2\683.png,2
train_labeled\2\684.png,2
train_labeled\2\685.png,2
train_labeled\2\686.png,2
train_labeled\2\687.png,2
train_labeled\2\688.png,2
train_labeled\2\689.png,2
train_labeled\2\690.png,2
train_labeled\2\691.png,2
train_labeled\2\692.png,2
train_labeled\2\693.png,2
train_labeled\2\694.png,2
train_labeled\2\695.png,2
train_labeled\2\696.png,2
train_labeled\2\697.png,2
train_labeled\2\698.png,2
train_labeled\2\699.png,2
train_labeled\2\700.png,2
train_labeled\2\701.png,2
train_labeled\2\702.png,2
train_labeled\2\703.png,2
train_labeled\2\704.png,2
train_labeled\2\705.png,2
train_labeled\2\706.png,2
train_labeled\2\707.png,2
train_labeled\2\708.png,2
train_labeled\2\709.png,2
train_labeled\2\710.png,2
train_labeled\2\711.png,2
train_labeled\2\712.png,2
train_labeled\2\713.png,2
train_labeled\2\714.png,2
train_labeled\2\715.png,2
train_labeled\2\716.png,2
train_labeled\2\717.png,2
train_labeled\2\718.png,2
train_labeled\2\719.png,2
train_labeled\2\720.png,2
train_labeled\2\721.png,2
train_labeled\2\722.png,2
train_labeled\2\723.png,2
train_labeled\2\724.png,2
train_labeled\2\725.png,2
train_labeled\2\726.png,2
train_labeled\2\727.png,2
train_labeled\2\728.png,2
train_labeled\2\729.png,2
train_labeled\2\730.png,2
train_labeled\2\731.png,2
train_labeled\2\732.png,2
train_labeled\2\733.png,2
train_labeled\2\734.png,2
train_labeled\2\735.png,2
train_labeled\2\736.png,2
train_labeled\2\737.png,2
train_labeled\2\738.png,2
train_labeled\2\739.png,2
train_labeled\2\740.png,2
train_labeled\2\741.png,2
train_labeled\2\742.png,2
train_labeled\2\743.png,2
train_labeled\2\744.png,2
train_labeled\2\745.png,2
train_labeled\2\746.png,2
train_labeled\2\747.png,2
train_labeled\2\748.png,2
train_labeled\2\749.png,2
train_labeled\3\750.png,3
train_labeled\3\751.png,3
train_labeled\3\752.png,3
train_labeled\3\753.png,3
train_labeled\3\754.png,3
train_labeled\3\755.png,3
train_labeled\3\756.png,3
train_labeled\3\757.png,3
train_labeled\3\758.png,3
train_labeled\3\759.png,3
train_labeled\3\760.png,3
train_labeled\3\761.png,3
train_labeled\3\762.png,3
train_labeled\3\763.png,3
train_labeled\3\764.png,3
train_labeled\3\765.png,3
train_labeled\3\766.png,3
train_labeled\3\767.png,3
train_labeled\3\768.png,3
train_labeled\3\769.png,3
train_labeled\3\770.png,3
train_labeled\3\771.png,3
train_labeled\3\772.png,3
train_labeled\3\773.png,3
train_labeled\3\774.png,3
train_labeled\3\775.png,3
train_labeled\3\776.png,3
train_labeled\3\777.png,3
train_labeled\3\778.png,3
train_labeled\3\779.png,3
train_labeled\3\780.png,3
train_labeled\3\781.png,3
train_labeled\3\782.png,3
train_labeled\3\783.png,3
train_labeled\3\784.png,3
train_labeled\3\785.png,3
train_labeled\3\786.png,3
train_labeled\3\787.png,3
train_labeled\3\788.png,3
train_labeled\3\789.png,3
train_labeled\3\790.png,3
train_labeled\3\791.png,3
train_labeled\3\792.png,3
train_labeled\3\793.png,3
train_labeled\3\794.png,3
train_labeled\3\795.png,3
train_labeled\3\796.png,3
train_labeled\3\797.png,3
train_labeled\3\798.png,3
train_labeled\3\799.png,3
train_labeled\3\800.png,3
train_labeled\3\801.png,3
train_labeled\3\802.png,3
train_labeled\3\803.png,3
train_labeled\3\804.png,3
train_labeled\3\805.png,3
train_labeled\3\806.png,3
train_labeled\3\807.png,3
train_labeled\3\808.png,3
train_labeled\3\809.png,3
train_labeled\3\810.png,3
train_labeled\3\811.png,3
train_labeled\3\812.png,3
train_labeled\3\813.png,3
train_labeled\3\814.png,3
train_labeled\3\815.png,3
train_labeled\3\816.png,3
train_labeled\3\817.png,3
train_labeled\3\818.png,3
train_labeled\3\819.png,3
train_labeled\3\820.png,3
train_labeled\3\821.png,3
train_labeled\3\822.png,3
train_labeled\3\823.png,3
train_labeled\3\824.png,3
train_labeled\3\825.png,3
train_labeled\3\826.png,3
train_labeled\3\827.png,3
train_labeled\3\828.png,3
train_labeled\3\829.png,3
train_labeled\3\830.png,3
train_labeled\3\831.png,3
train_labeled\3\832.png,3
train_labeled\3\833.png,3
train_labeled\3\834.png,3
train_labeled\3\835.png,3
train_labeled\3\836.png,3
train_labeled\3\837.png,3
train_labeled\3\838.png,3
train_labeled\3\839.png,3
train_labeled\3\840.png,3
train_labeled\3\841.png,3
train_labeled\3\842.png,3
train_labeled\3\843.png,3
train_labeled\3\844.png,3
train_labeled\3\845.png,3
train_labeled\3\846.png,3
train_labeled\3\847.png,3
train_labeled\3\848.png,3
train_labeled\3\849.png,3
train_labeled\3\850.png,3
train_labeled\3\851.png,3
train_labeled\3\852.png,3
train_labeled\3\853.png,3
train_labeled\3\854.png,3
train_labeled\3\855.png,3
train_labeled\3\856.png,3
train_labeled\3\857.png,3
train_labeled\3\858.png,3
train_labeled\3\859.png,3
train_labeled\3\860.png,3
train_labeled\3\861.png,3
train_labeled\3\862.png,3
train_labeled\3\863.png,3
train_labeled\3\864.png,3
train_labeled\3\865.png,3
train_labeled\3\866.png,3
train_labeled\3\867.png,3
train_labeled\3\868.png,3
train_labeled\3\869.png,3
train_labeled\3\870.png,3
train_labeled\3\871.png,3
train_labeled\3\872.png,3
train_labeled\3\873.png,3
train_labeled\3\874.png,3
train_labeled\3\875.png,3
train_labeled\3\876.png,3
train_labeled\3\877.png,3
train_labeled\3\878.png,3
train_labeled\3\879.png,3
train_labeled\3\880.png,3
train_labeled\3\881.png,3
train_labeled\3\882.png,3
train_labeled\3\883.png,3
train_labeled\3\884.png,3
train_labeled\3\885.png,3
train_labeled\3\886.png,3
train_labeled\3\887.png,3
train_labeled\3\888.png,3
train_labeled\3\889.png,3
train_labeled\3\890.png,3
train_labeled\3\891.png,3
train_labeled\3\892.png,3
train_labeled\3\893.png,3
train_labeled\3\894.png,3
train_labeled\3\895.png,3
train_labeled\3\896.png,3
train_labeled\3\897.png,3
train_labeled\3\898.png,3
train_labeled\3\899.png,3
train_labeled\3\900.png,3
train_labeled\3\901.png,3
train_labeled\3\902.png,3
train_labeled\3\903.png,3
train_labeled\3\904.png,3
train_labeled\3\905.png,3
train_labeled\3\906.png,3
train_labeled\3\907.png,3
train_labeled\3\908.png,3
train_labeled\3\909.png,3
train_labeled\3\910.png,3
train_labeled\3\911.png,3
train_labeled\3\912.png,3
train_labeled\3\913.png,3
train_labeled\3\914.png,3
train_labeled\3\915.png,3
train_labeled\3\916.png,3
train_labeled\3\917.png,3
train_labeled\3\918.png,3
train_labeled\3\919.png,3
train_labeled\3\920.png,3
train_labeled\3\921.png,3
train_labeled\3\922.png,3
train_labeled\3\923.png,3
train_labeled\3\924.png,3
train_labeled\3\925.png,3
train_labeled\3\926.png,3
train_labeled\3\927.png,3
train_labeled\3\928.png,3
train_labeled\3\929.png,3
train_labeled\3\930.png,3
train_labeled\3\931.png,3
train_labeled\3\932.png,3
train_labeled\3\933.png,3
train_labeled\3\934.png,3
train_labeled\3\935.png,3
train_labeled\3\936.png,3
train_labeled\3\937.png,3
train_labeled\3\938.png,3
train_labeled\3\939.png,3
train_labeled\3\940.png,3
train_labeled\3\941.png,3
train_labeled\3\942.png,3
train_labeled\3\943.png,3
train_labeled\3\944.png,3
train_labeled\3\945.png,3
train_labeled\3\946.png,3
train_labeled\3\947.png,3
train_labeled\3\948.png,3
train_labeled\3\949.png,3
train_labeled\3\950.png,3
train_labeled\3\951.png,3
train_labeled\3\952.png,3
train_labeled\3\953.png,3
train_labeled\3\954.png,3
train_labeled\3\955.png,3
train_labeled\3\956.png,3
train_labeled\3\957.png,3
train_labeled\3\958.png,3
train_labeled\3\959.png,3
train_labeled\3\960.png,3
train_labeled\3\961.png,3
train_labeled\3\962.png,3
train_labeled\3\963.png,3
train_labeled\3\964.png,3
train_labeled\3\965.png,3
train_labeled\3\966.png,3
train_labeled\3\967.png,3
train_labeled\3\968.png,3
train_labeled\3\969.png,3
train_labeled\3\970.png,3
train_labeled\3\971.png,3
train_labeled\3\972.png,3
train_labeled\3\973.png,3
train_labeled\3\974.png,3
train_labeled\3\975.png,3
train_labeled\3\976.png,3
train_labeled\3\977.png,3
train_labeled\3\978.png,3
train_labeled\3\979.png,3
train_labeled\3\980.png,3
train_labeled\3\981.png,3
train_labeled\3\982.png,3
train_labeled\3\983.png,3
train_labeled\3\984.png,3
train_labeled\3\985.png,3
train_labeled\3\986.png,3
train_labeled\3\987.png,3
train_labeled\3\988.png,3
train_labeled\3\989.png,3
train_labeled\3\990.png,3
train_labeled\3\991.png,3
train_labeled\3\992.png,3
train_labeled\3\993.png,3
train_labeled\3\994.png,3
train_labeled\3\995.png,3
train_labeled\3\996.png,3
train_labeled\3\997.png,3
train_labeled\3\998.png,3
train_labeled\3\999.png,3
train_labeled\4\1000.png,4
train_labeled\4\1001.png,4
train_labeled\4\1002.png,4
train_labeled\4\1003.png,4
train_labeled\4\1004.png,4
train_labeled\4\1005.png,4
train_labeled\4\1006.png,4
train_labeled\4\1007.png,4
train_labeled\4\1008.png,4
train_labeled\4\1009.png,4
train_labeled\4\1010.png,4
train_labeled\4\1011.png,4
train_labeled\4\1012.png,4
train_labeled\4\1013.png,4
train_labeled\4\1014.png,4
train_labeled\4\1015.png,4
train_labeled\4\1016.png,4
train_labeled\4\1017.png,4
train_labeled\4\1018.png,4
train_labeled\4\1019.png,4
train_labeled\4\1020.png,4
train_labeled\4\1021.png,4
train_labeled\4\1022.png,4
train_labeled\4\1023.png,4
train_labeled\4\1024.png,4
train_labeled\4\1025.png,4
train_labeled\4\1026.png,4
train_labeled\4\1027.png,4
train_labeled\4\1028.png,4
train_labeled\4\1029.png,4
train_labeled\4\1030.png,4
train_labeled\4\1031.png,4
train_labeled\4\1032.png,4
train_labeled\4\1033.png,4
train_labeled\4\1034.png,4
train_labeled\4\1035.png,4
train_labeled\4\1036.png,4
train_labeled\4\1037.png,4
train_labeled\4\1038.png,4
train_labeled\4\1039.png,4
train_labeled\4\1040.png,4
train_labeled\4\1041.png,4
train_labeled\4\1042.png,4
train_labeled\4\1043.png,4
train_labeled\4\1044.png,4
train_labeled\4\1045.png,4
train_labeled\4\1046.png,4
train_labeled\4\1047.png,4
train_labeled\4\1048.png,4
train_labeled\4\1049.png,4
train_labeled\4\1050.png,4
train_labeled\4\1051.png,4
train_labeled\4\1052.png,4
train_labeled\4\1053.png,4
train_labeled\4\1054.png,4
train_labeled\4\1055.png,4
train_labeled\4\1056.png,4
train_labeled\4\1057.png,4
train_labeled\4\1058.png,4
train_labeled\4\1059.png,4
train_labeled\4\1060.png,4
train_labeled\4\1061.png,4
train_labeled\4\1062.png,4
train_labeled\4\1063.png,4
train_labeled\4\1064.png,4
train_labeled\4\1065.png,4
train_labeled\4\1066.png,4
train_labeled\4\1067.png,4
train_labeled\4\1068.png,4
train_labeled\4\1069.png,4
train_labeled\4\1070.png,4
train_labeled\4\1071.png,4
train_labeled\4\1072.png,4
train_labeled\4\1073.png,4
train_labeled\4\1074.png,4
train_labeled\4\1075.png,4
train_labeled\4\1076.png,4
train_labeled\4\1077.png,4
train_labeled\4\1078.png,4
train_labeled\4\1079.png,4
train_labeled\4\1080.png,4
train_labeled\4\1081.png,4
train_labeled\4\1082.png,4
train_labeled\4\1083.png,4
train_labeled\4\1084.png,4
train_labeled\4\1085.png,4
train_labeled\4\1086.png,4
train_labeled\4\1087.png,4
train_labeled\4\1088.png,4
train_labeled\4\1089.png,4
train_labeled\4\1090.png,4
train_labeled\4\1091.png,4
train_labeled\4\1092.png,4
train_labeled\4\1093.png,4
train_labeled\4\1094.png,4
train_labeled\4\1095.png,4
train_labeled\4\1096.png,4
train_labeled\4\1097.png,4
train_labeled\4\1098.png,4
train_labeled\4\1099.png,4
train_labeled\4\1100.png,4
train_labeled\4\1101.png,4
train_labeled\4\1102.png,4
train_labeled\4\1103.png,4
train_labeled\4\1104.png,4
train_labeled\4\1105.png,4
train_labeled\4\1106.png,4
train_labeled\4\1107.png,4
train_labeled\4\1108.png,4
train_labeled\4\1109.png,4
train_labeled\4\1110.png,4
train_labeled\4\1111.png,4
train_labeled\4\1112.png,4
train_labeled\4\1113.png,4
train_labeled\4\1114.png,4
train_labeled\4\1115.png,4
train_labeled\4\1116.png,4
train_labeled\4\1117.png,4
train_labeled\4\1118.png,4
train_labeled\4\1119.png,4
train_labeled\4\1120.png,4
train_labeled\4\1121.png,4
train_labeled\4\1122.png,4
train_labeled\4\1123.png,4
train_labeled\4\1124.png,4
train_labeled\4\1125.png,4
train_labeled\4\1126.png,4
train_labeled\4\1127.png,4
train_labeled\4\1128.png,4
train_labeled\4\1129.png,4
train_labeled\4\1130.png,4
train_labeled\4\1131.png,4
train_labeled\4\1132.png,4
train_labeled\4\1133.png,4
train_labeled\4\1134.png,4
train_labeled\4\1135.png,4
train_labeled\4\1136.png,4
train_labeled\4\1137.png,4
train_labeled\4\1138.png,4
train_labeled\4\1139.png,4
train_labeled\4\1140.png,4
train_labeled\4\1141.png,4
train_labeled\4\1142.png,4
train_labeled\4\1143.png,4
train_labeled\4\1144.png,4
train_labeled\4\1145.png,4
train_labeled\4\1146.png,4
train_labeled\4\1147.png,4
train_labeled\4\1148.png,4
train_labeled\4\1149.png,4
train_labeled\4\1150.png,4
train_labeled\4\1151.png,4
train_labeled\4\1152.png,4
train_labeled\4\1153.png,4
train_labeled\4\1154.png,4
train_labeled\4\1155.png,4
train_labeled\4\1156.png,4
train_labeled\4\1157.png,4
train_labeled\4\1158.png,4
train_labeled\4\1159.png,4
train_labeled\4\1160.png,4
train_labeled\4\1161.png,4
train_labeled\4\1162.png,4
train_labeled\4\1163.png,4
train_labeled\4\1164.png,4
train_labeled\4\1165.png,4
train_labeled\4\1166.png,4
train_labeled\4\1167.png,4
train_labeled\4\1168.png,4
train_labeled\4\1169.png,4
train_labeled\4\1170.png,4
train_labeled\4\1171.png,4
train_labeled\4\1172.png,4
train_labeled\4\1173.png,4
train_labeled\4\1174.png,4
train_labeled\4\1175.png,4
train_labeled\4\1176.png,4
train_labeled\4\1177.png,4
train_labeled\4\1178.png,4
train_labeled\4\1179.png,4
train_labeled\4\1180.png,4
train_labeled\4\1181.png,4
train_labeled\4\1182.png,4
train_labeled\4\1183.png,4
train_labeled\4\1184.png,4
train_labeled\4\1185.png,4
train_labeled\4\1186.png,4
train_labeled\4\1187.png,4
train_labeled\4\1188.png,4
train_labeled\4\1189.png,4
train_labeled\4\1190.png,4
train_labeled\4\1191.png,4
train_labeled\4\1192.png,4
train_labeled\4\1193.png,4
train_labeled\4\1194.png,4
train_labeled\4\1195.png,4
train_labeled\4\1196.png,4
train_labeled\4\1197.png,4
train_labeled\4\1198.png,4
train_labeled\4\1199.png,4
train_labeled\4\1200.png,4
train_labeled\4\1201.png,4
train_labeled\4\1202.png,4
train_labeled\4\1203.png,4
train_labeled\4\1204.png,4
train_labeled\4\1205.png,4
train_labeled\4\1206.png,4
train_labeled\4\1207.png,4
train_labeled\4\1208.png,4
train_labeled\4\1209.png,4
train_labeled\4\1210.png,4
train_labeled\4\1211.png,4
train_labeled\4\1212.png,4
train_labeled\4\1213.png,4
train_labeled\4\1214.png,4
train_labeled\4\1215.png,4
train_labeled\4\1216.png,4
train_labeled\4\1217.png,4
train_labeled\4\1218.png,4
train_labeled\4\1219.png,4
train_labeled\4\1220.png,4
train_labeled\4\1221.png,4
train_labeled\4\1222.png,4
train_labeled\4\1223.png,4
train_labeled\4\1224.png,4
train_labeled\4\1225.png,4
train_labeled\4\1226.png,4
train_labeled\4\1227.png,4
train_labeled\4\1228.png,4
train_labeled\4\1229.png,4
train_labeled\4\1230.png,4
train_labeled\4\1231.png,4
train_labeled\4\1232.png,4
train_labeled\4\1233.png,4
train_labeled\4\1234.png,4
train_labeled\4\1235.png,4
train_labeled\4\1236.png,4
train_labeled\4\1237.png,4
train_labeled\4\1238.png,4
train_labeled\4\1239.png,4
train_labeled\4\1240.png,4
train_labeled\4\1241.png,4
train_labeled\4\1242.png,4
train_labeled\4\1243.png,4
train_labeled\4\1244.png,4
train_labeled\4\1245.png,4
train_labeled\4\1246.png,4
train_labeled\4\1247.png,4
train_labeled\4\1248.png,4
train_labeled\4\1249.png,4
train_labeled\5\1250.png,5
train_labeled\5\1251.png,5
train_labeled\5\1252.png,5
train_labeled\5\1253.png,5
train_labeled\5\1254.png,5
train_labeled\5\1255.png,5
train_labeled\5\1256.png,5
train_labeled\5\1257.png,5
train_labeled\5\1258.png,5
train_labeled\5\1259.png,5
train_labeled\5\1260.png,5
train_labeled\5\1261.png,5
train_labeled\5\1262.png,5
train_labeled\5\1263.png,5
train_labeled\5\1264.png,5
train_labeled\5\1265.png,5
train_labeled\5\1266.png,5
train_labeled\5\1267.png,5
train_labeled\5\1268.png,5
train_labeled\5\1269.png,5
train_labeled\5\1270.png,5
train_labeled\5\1271.png,5
train_labeled\5\1272.png,5
train_labeled\5\1273.png,5
train_labeled\5\1274.png,5
train_labeled\5\1275.png,5
train_labeled\5\1276.png,5
train_labeled\5\1277.png,5
train_labeled\5\1278.png,5
train_labeled\5\1279.png,5
train_labeled\5\1280.png,5
train_labeled\5\1281.png,5
train_labeled\5\1282.png,5
train_labeled\5\1283.png,5
train_labeled\5\1284.png,5
train_labeled\5\1285.png,5
train_labeled\5\1286.png,5
train_labeled\5\1287.png,5
train_labeled\5\1288.png,5
train_labeled\5\1289.png,5
train_labeled\5\1290.png,5
train_labeled\5\1291.png,5
train_labeled\5\1292.png,5
train_labeled\5\1293.png,5
train_labeled\5\1294.png,5
train_labeled\5\1295.png,5
train_labeled\5\1296.png,5
train_labeled\5\1297.png,5
train_labeled\5\1298.png,5
train_labeled\5\1299.png,5
train_labeled\5\1300.png,5
train_labeled\5\1301.png,5
train_labeled\5\1302.png,5
train_labeled\5\1303.png,5
train_labeled\5\1304.png,5
train_labeled\5\1305.png,5
train_labeled\5\1306.png,5
train_labeled\5\1307.png,5
train_labeled\5\1308.png,5
train_labeled\5\1309.png,5
train_labeled\5\1310.png,5
train_labeled\5\1311.png,5
train_labeled\5\1312.png,5
train_labeled\5\1313.png,5
train_labeled\5\1314.png,5
train_labeled\5\1315.png,5
train_labeled\5\1316.png,5
train_labeled\5\1317.png,5
train_labeled\5\1318.png,5
train_labeled\5\1319.png,5
train_labeled\5\1320.png,5
train_labeled\5\1321.png,5
train_labeled\5\1322.png,5
train_labeled\5\1323.png,5
train_labeled\5\1324.png,5
train_labeled\5\1325.png,5
train_labeled\5\1326.png,5
train_labeled\5\1327.png,5
train_labeled\5\1328.png,5
train_labeled\5\1329.png,5
train_labeled\5\1330.png,5
train_labeled\5\1331.png,5
train_labeled\5\1332.png,5
train_labeled\5\1333.png,5
train_labeled\5\1334.png,5
train_labeled\5\1335.png,5
train_labeled\5\1336.png,5
train_labeled\5\1337.png,5
train_labeled\5\1338.png,5
train_labeled\5\1339.png,5
train_labeled\5\1340.png,5
train_labeled\5\1341.png,5
train_labeled\5\1342.png,5
train_labeled\5\1343.png,5
train_labeled\5\1344.png,5
train_labeled\5\1345.png,5
train_labeled\5\1346.png,5
train_labeled\5\1347.png,5
train_labeled\5\1348.png,5
train_labeled\5\1349.png,5
train_labeled\5\1350.png,5
train_labeled\5\1351.png,5
train_labeled\5\1352.png,5
train_labeled\5\1353.png,5
train_labeled\5\1354.png,5
train_labeled\5\1355.png,5
train_labeled\5\1356.png,5
train_labeled\5\1357.png,5
train_labeled\5\1358.png,5
train_labeled\5\1359.png,5
train_labeled\5\1360.png,5
train_labeled\5\1361.png,5
train_labeled\5\1362.png,5
train_labeled\5\1363.png,5
train_labeled\5\1364.png,5
train_labeled\5\1365.png,5
train_labeled\5\1366.png,5
train_labeled\5\1367.png,5
train_labeled\5\1368.png,5
train_labeled\5\1369.png,5
train_labeled\5\1370.png,5
train_labeled\5\1371.png,5
train_labeled\5\1372.png,5
train_labeled\5\1373.png,5
train_labeled\5\1374.png,5
train_labeled\5\1375.png,5
train_labeled\5\1376.png,5
train_labeled\5\1377.png,5
train_labeled\5\1378.png,5
train_labeled\5\1379.png,5
train_labeled\5\1380.png,5
train_labeled\5\1381.png,5
train_labeled\5\1382.png,5
train_labeled\5\1383.png,5
train_labeled\5\1384.png,5
train_labeled\5\1385.png,5
train_labeled\5\1386.png,5
train_labeled\5\1387.png,5
train_labeled\5\1388.png,5
train_labeled\5\1389.png,5
train_labeled\5\1390.png,5
train_labeled\5\1391.png,5
train_labeled\5\1392.png,5
train_labeled\5\1393.png,5
train_labeled\5\1394.png,5
train_labeled\5\1395.png,5
train_labeled\5\1396.png,5
train_labeled\5\1397.png,5
train_labeled\5\1398.png,5
train_labeled\5\1399.png,5
train_labeled\5\1400.png,5
train_labeled\5\1401.png,5
train_labeled\5\1402.png,5
train_labeled\5\1403.png,5
train_labeled\5\1404.png,5
train_labeled\5\1405.png,5
train_labeled\5\1406.png,5
train_labeled\5\1407.png,5
train_labeled\5\1408.png,5
train_labeled\5\1409.png,5
train_labeled\5\1410.png,5
train_labeled\5\1411.png,5
train_labeled\5\1412.png,5
train_labeled\5\1413.png,5
train_labeled\5\1414.png,5
train_labeled\5\1415.png,5
train_labeled\5\1416.png,5
train_labeled\5\1417.png,5
train_labeled\5\1418.png,5
train_labeled\5\1419.png,5
train_labeled\5\1420.png,5
train_labeled\5\1421.png,5
train_labeled\5\1422.png,5
train_labeled\5\1423.png,5
train_labeled\5\1424.png,5
train_labeled\5\1425.png,5
train_labeled\5\1426.png,5
train_labeled\5\1427.png,5
train_labeled\5\1428.png,5
train_labeled\5\1429.png,5
train_labeled\5\1430.png,5
train_labeled\5\1431.png,5
train_labeled\5\1432.png,5
train_labeled\5\1433.png,5
train_labeled\5\1434.png,5
train_labeled\5\1435.png,5
train_labeled\5\1436.png,5
train_labeled\5\1437.png,5
train_labeled\5\1438.png,5
train_labeled\5\1439.png,5
train_labeled\5\1440.png,5
train_labeled\5\1441.png,5
train_labeled\5\1442.png,5
train_labeled\5\1443.png,5
train_labeled\5\1444.png,5
train_labeled\5\1445.png,5
train_labeled\5\1446.png,5
train_labeled\5\1447.png,5
train_labeled\5\1448.png,5
train_labeled\5\1449.png,5
train_labeled\5\1450.png,5
train_labeled\5\1451.png,5
train_labeled\5\1452.png,5
train_labeled\5\1453.png,5
train_labeled\5\1454.png,5
train_labeled\5\1455.png,5
train_labeled\5\1456.png,5
train_labeled\5\1457.png,5
train_labeled\5\1458.png,5
train_labeled\5\1459.png,5
train_labeled\5\1460.png,5
train_labeled\5\1461.png,5
train_labeled\5\1462.png,5
train_labeled\5\1463.png,5
train_labeled\5\1464.png,5
train_labeled\5\1465.png,5
train_labeled\5\1466.png,5
train_labeled\5\1467.png,5
train_labeled\5\1468.png,5
train_labeled\5\1469.png,5
train_labeled\5\1470.png,5
train_labeled\5\1471.png,5
train_labeled\5\1472.png,5
train_labeled\5\1473.png,5
train_labeled\5\1474.png,5
train_labeled\5\1475.png,5
train_labeled\5\1476.png,5
train_labeled\5\1477.png,5
train_labeled\5\1478.png,5
train_labeled\5\1479.png,5
train_labeled\5\1480.png,5
train_labeled\5\1481.png,5
train_labeled\5\1482.png,5
train_labeled\5\1483.png,5
train_labeled\5\1484.png,5
train_labeled\5\1485.png,5
train_labeled\5\1486.png,5
train_labeled\5\1487.png,5
train_labeled\5\1488.png,5
train_labeled\5\1489.png,5
train_labeled\5\1490.png,5
train_labeled\5\1491.png,5
train_labeled\5\1492.png,5
train_labeled\5\1493.png,5
train_labeled\5\1494.png,5
train_labeled\5\1495.png,5
train_labeled\5\1496.png,5
train_labeled\5\1497.png,5
train_labeled\5\1498.png,5
train_labeled\5\1499.png,5
train_labeled\6\1500.png,6
train_labeled\6\1501.png,6
train_labeled\6\1502.png,6
train_labeled\6\1503.png,6
train_labeled\6\1504.png,6
train_labeled\6\1505.png,6
train_labeled\6\1506.png,6
train_labeled\6\1507.png,6
train_labeled\6\1508.png,6
train_labeled\6\1509.png,6
train_labeled\6\1510.png,6
train_labeled\6\1511.png,6
train_labeled\6\1512.png,6
train_labeled\6\1513.png,6
train_labeled\6\1514.png,6
train_labeled\6\1515.png,6
train_labeled\6\1516.png,6
train_labeled\6\1517.png,6
train_labeled\6\1518.png,6
train_labeled\6\1519.png,6
train_labeled\6\1520.png,6
train_labeled\6\1521.png,6
train_labeled\6\1522.png,6
train_labeled\6\1523.png,6
train_labeled\6\1524.png,6
train_labeled\6\1525.png,6
train_labeled\6\1526.png,6
train_labeled\6\1527.png,6
train_labeled\6\1528.png,6
train_labeled\6\1529.png,6
train_labeled\6\1530.png,6
train_labeled\6\1531.png,6
train_labeled\6\1532.png,6
train_labeled\6\1533.png,6
train_labeled\6\1534.png,6
train_labeled\6\1535.png,6
train_labeled\6\1536.png,6
train_labeled\6\1537.png,6
train_labeled\6\1538.png,6
train_labeled\6\1539.png,6
train_labeled\6\1540.png,6
train_labeled\6\1541.png,6
train_labeled\6\1542.png,6
train_labeled\6\1543.png,6
train_labeled\6\1544.png,6
train_labeled\6\1545.png,6
train_labeled\6\1546.png,6
train_labeled\6\1547.png,6
train_labeled\6\1548.png,6
train_labeled\6\1549.png,6
train_labeled\6\1550.png,6
train_labeled\6\1551.png,6
train_labeled\6\1552.png,6
train_labeled\6\1553.png,6
train_labeled\6\1554.png,6
train_labeled\6\1555.png,6
train_labeled\6\1556.png,6
train_labeled\6\1557.png,6
train_labeled\6\1558.png,6
train_labeled\6\1559.png,6
train_labeled\6\1560.png,6
train_labeled\6\1561.png,6
train_labeled\6\1562.png,6
train_labeled\6\1563.png,6
train_labeled\6\1564.png,6
train_labeled\6\1565.png,6
train_labeled\6\1566.png,6
train_labeled\6\1567.png,6
train_labeled\6\1568.png,6
train_labeled\6\1569.png,6
train_labeled\6\1570.png,6
train_labeled\6\1571.png,6
train_labeled\6\1572.png,6
train_labeled\6\1573.png,6
train_labeled\6\1574.png,6
train_labeled\6\1575.png,6
train_labeled\6\1576.png,6
train_labeled\6\1577.png,6
train_labeled\6\1578.png,6
train_labeled\6\1579.png,6
train_labeled\6\1580.png,6
train_labeled\6\1581.png,6
train_labeled\6\1582.png,6
train_labeled\6\1583.png,6
train_labeled\6\1584.png,6
train_labeled\6\1585.png,6
train_labeled\6\1586.png,6
train_labeled\6\1587.png,6
train_labeled\6\1588.png,6
train_labeled\6\1589.png,6
train_labeled\6\1590.png,6
train_labeled\6\1591.png,6
train_labeled\6\1592.png,6
train_labeled\6\1593.png,6
train_labeled\6\1594.png,6
train_labeled\6\1595.png,6
train_labeled\6\1596.png,6
train_labeled\6\1597.png,6
train_labeled\6\1598.png,6
train_labeled\6\1599.png,6
train_labeled\6\1600.png,6
train_labeled\6\1601.png,6
train_labeled\6\1602.png,6
train_labeled\6\1603.png,6
train_labeled\6\1604.png,6
train_labeled\6\1605.png,6
train_labeled\6\1606.png,6
train_labeled\6\1607.png,6
train_labeled\6\1608.png,6
train_labeled\6\1609.png,6
train_labeled\6\1610.png,6
train_labeled\6\1611.png,6
train_labeled\6\1612.png,6
train_labeled\6\1613.png,6
train_labeled\6\1614.png,6
train_labeled\6\1615.png,6
train_labeled\6\1616.png,6
train_labeled\6\1617.png,6
train_labeled\6\1618.png,6
train_labeled\6\1619.png,6
train_labeled\6\1620.png,6
train_labeled\6\1621.png,6
train_labeled\6\1622.png,6
train_labeled\6\1623.png,6
train_labeled\6\1624.png,6
train_labeled\6\1625.png,6
train_labeled\6\1626.png,6
train_labeled\6\1627.png,6
train_labeled\6\1628.png,6
train_labeled\6\1629.png,6
train_labeled\6\1630.png,6
train_labeled\6\1631.png,6
train_labeled\6\1632.png,6
train_labeled\6\1633.png,6
train_labeled\6\1634.png,6
train_labeled\6\1635.png,6
train_labeled\6\1636.png,6
train_labeled\6\1637.png,6
train_labeled\6\1638.png,6
train_labeled\6\1639.png,6
train_labeled\6\1640.png,6
train_labeled\6\1641.png,6
train_labeled\6\1642.png,6
train_labeled\6\1643.png,6
train_labeled\6\1644.png,6
train_labeled\6\1645.png,6
train_labeled\6\1646.png,6
train_labeled\6\1647.png,6
train_labeled\6\1648.png,6
train_labeled\6\1649.png,6
train_labeled\6\1650.png,6
train_labeled\6\1651.png,6
train_labeled\6\1652.png,6
train_labeled\6\1653.png,6
train_labeled\6\1654.png,6
train_labeled\6\1655.png,6
train_labeled\6\1656.png,6
train_labeled\6\1657.png,6
train_labeled\6\1658.png,6
train_labeled\6\1659.png,6
train_labeled\6\1660.png,6
train_labeled\6\1661.png,6
train_labeled\6\1662.png,6
train_labeled\6\1663.png,6
train_labeled\6\1664.png,6
train_labeled\6\1665.png,6
train_labeled\6\1666.png,6
train_labeled\6\1667.png,6
train_labeled\6\1668.png,6
train_labeled\6\1669.png,6
train_labeled\6\1670.png,6
train_labeled\6\1671.png,6
train_labeled\6\1672.png,6
train_labeled\6\1673.png,6
train_labeled\6\1674.png,6
train_labeled\6\1675.png,6
train_labeled\6\1676.png,6
train_labeled\6\1677.png,6
train_labeled\6\1678.png,6
train_labeled\6\1679.png,6
train_labeled\6\1680.png,6
train_labeled\6\1681.png,6
train_labeled\6\1682.png,6
train_labeled\6\1683.png,6
train_labeled\6\1684.png,6
train_labeled\6\1685.png,6
train_labeled\6\1686.png,6
train_labeled\6\1687.png,6
train_labeled\6\1688.png,6
train_labeled\6\1689.png,6
train_labeled\6\1690.png,6
train_labeled\6\1691.png,6
train_labeled\6\1692.png,6
train_labeled\6\1693.png,6
train_labeled\6\1694.png,6
train_labeled\6\1695.png,6
train_labeled\6\1696.png,6
train_labeled\6\1697.png,6
train_labeled\6\1698.png,6
train_labeled\6\1699.png,6
train_labeled\6\1700.png,6
train_labeled\6\1701.png,6
train_labeled\6\1702.png,6
train_labeled\6\1703.png,6
train_labeled\6\1704.png,6
train_labeled\6\1705.png,6
train_labeled\6\1706.png,6
train_labeled\6\1707.png,6
train_labeled\6\1708.png,6
train_labeled\6\1709.png,6
train_labeled\6\1710.png,6
train_labeled\6\1711.png,6
train_labeled\6\1712.png,6
train_labeled\6\1713.png,6
train_labeled\6\1714.png,6
train_labeled\6\1715.png,6
train_labeled\6\1716.png,6
train_labeled\6\1717.png,6
train_labeled\6\1718.png,6
train_labeled\6\1719.png,6
train_labeled\6\1720.png,6
train_labeled\6\1721.png,6
train_labeled\6\1722.png,6
train_labeled\6\1723.png,6
train_labeled\6\1724.png,6
train_labeled\6\1725.png,6
train_labeled\6\1726.png,6
train_labeled\6\1727.png,6
train_labeled\6\1728.png,6
train_labeled\6\1729.png,6
train_labeled\6\1730.png,6
train_labeled\6\1731.png,6
train_labeled\6\1732.png,6
train_labeled\6\1733.png,6
train_labeled\6\1734.png,6
train_labeled\6\1735.png,6
train_labeled\6\1736.png,6
train_labeled\6\1737.png,6
train_labeled\6\1738.png,6
train_labeled\6\1739.png,6
train_labeled\6\1740.png,6
train_labeled\6\1741.png,6
train_labeled\6\1742.png,6
train_labeled\6\1743.png,6
train_labeled\6\1744.png,6
train_labeled\6\1745.png,6
train_labeled\6\1746.png,6
train_labeled\6\1747.png,6
train_labeled\6\1748.png,6
train_labeled\6\1749.png,6
train_labeled\7\1750.png,7
train_labeled\7\1751.png,7
train_labeled\7\1752.png,7
train_labeled\7\1753.png,7
train_labeled\7\1754.png,7
train_labeled\7\1755.png,7
train_labeled\7\1756.png,7
train_labeled\7\1757.png,7
train_labeled\7\1758.png,7
train_labeled\7\1759.png,7
train_labeled\7\1760.png,7
train_labeled\7\1761.png,7
train_labeled\7\1762.png,7
train_labeled\7\1763.png,7
train_labeled\7\1764.png,7
train_labeled\7\1765.png,7
train_labeled\7\1766.png,7
train_labeled\7\1767.png,7
train_labeled\7\1768.png,7
train_labeled\7\1769.png,7
train_labeled\7\1770.png,7
train_labeled\7\1771.png,7
train_labeled\7\1772.png,7
train_labeled\7\1773.png,7
train_labeled\7\1774.png,7
train_labeled\7\1775.png,7
train_labeled\7\1776.png,7
train_labeled\7\1777.png,7
train_labeled\7\1778.png,7
train_labeled\7\1779.png,7
train_labeled\7\1780.png,7
train_labeled\7\1781.png,7
train_labeled\7\1782.png,7
train_labeled\7\1783.png,7
train_labeled\7\1784.png,7
train_labeled\7\1785.png,7
train_labeled\7\1786.png,7
train_labeled\7\1787.png,7
train_labeled\7\1788.png,7
train_labeled\7\1789.png,7
train_labeled\7\1790.png,7
train_labeled\7\1791.png,7
train_labeled\7\1792.png,7
train_labeled\7\1793.png,7
train_labeled\7\1794.png,7
train_labeled\7\1795.png,7
train_labeled\7\1796.png,7
train_labeled\7\1797.png,7
train_labeled\7\1798.png,7
train_labeled\7\1799.png,7
train_labeled\7\1800.png,7
train_labeled\7\1801.png,7
train_labeled\7\1802.png,7
train_labeled\7\1803.png,7
train_labeled\7\1804.png,7
train_labeled\7\1805.png,7
train_labeled\7\1806.png,7
train_labeled\7\1807.png,7
train_labeled\7\1808.png,7
train_labeled\7\1809.png,7
train_labeled\7\1810.png,7
train_labeled\7\1811.png,7
train_labeled\7\1812.png,7
train_labeled\7\1813.png,7
train_labeled\7\1814.png,7
train_labeled\7\1815.png,7
train_labeled\7\1816.png,7
train_labeled\7\1817.png,7
train_labeled\7\1818.png,7
train_labeled\7\1819.png,7
train_labeled\7\1820.png,7
train_labeled\7\1821.png,7
train_labeled\7\1822.png,7
train_labeled\7\1823.png,7
train_labeled\7\1824.png,7
train_labeled\7\1825.png,7
train_labeled\7\1826.png,7
train_labeled\7\1827.png,7
train_labeled\7\1828.png,7
train_labeled\7\1829.png,7
train_labeled\7\1830.png,7
train_labeled\7\1831.png,7
train_labeled\7\1832.png,7
train_labeled\7\1833.png,7
train_labeled\7\1834.png,7
train_labeled\7\1835.png,7
train_labeled\7\1836.png,7
train_labeled\7\1837.png,7
train_labeled\7\1838.png,7
train_labeled\7\1839.png,7
train_labeled\7\1840.png,7
train_labeled\7\1841.png,7
train_labeled\7\1842.png,7
train_labeled\7\1843.png,7
train_labeled\7\1844.png,7
train_labeled\7\1845.png,7
train_labeled\7\1846.png,7
train_labeled\7\1847.png,7
train_labeled\7\1848.png,7
train_labeled\7\1849.png,7
train_labeled\7\1850.png,7
train_labeled\7\1851.png,7
train_labeled\7\1852.png,7
train_labeled\7\1853.png,7
train_labeled\7\1854.png,7
train_labeled\7\1855.png,7
train_labeled\7\1856.png,7
train_labeled\7\1857.png,7
train_labeled\7\1858.png,7
train_labeled\7\1859.png,7
train_labeled\7\1860.png,7
train_labeled\7\1861.png,7
train_labeled\7\1862.png,7
train_labeled\7\1863.png,7
train_labeled\7\1864.png,7
train_labeled\7\1865.png,7
train_labeled\7\1866.png,7
train_labeled\7\1867.png,7
train_labeled\7\1868.png,7
train_labeled\7\1869.png,7
train_labeled\7\1870.png,7
train_labeled\7\1871.png,7
train_labeled\7\1872.png,7
train_labeled\7\1873.png,7
train_labeled\7\1874.png,7
train_labeled\7\1875.png,7
train_labeled\7\1876.png,7
train_labeled\7\1877.png,7
train_labeled\7\1878.png,7
train_labeled\7\1879.png,7
train_labeled\7\1880.png,7
train_labeled\7\1881.png,7
train_labeled\7\1882.png,7
train_labeled\7\1883.png,7
train_labeled\7\1884.png,7
train_labeled\7\1885.png,7
train_labeled\7\1886.png,7
train_labeled\7\1887.png,7
train_labeled\7\1888.png,7
train_labeled\7\1889.png,7
train_labeled\7\1890.png,7
train_labeled\7\1891.png,7
train_labeled\7\1892.png,7
train_labeled\7\1893.png,7
train_labeled\7\1894.png,7
train_labeled\7\1895.png,7
train_labeled\7\1896.png,7
train_labeled\7\1897.png,7
train_labeled\7\1898.png,7
train_labeled\7\1899.png,7
train_labeled\7\1900.png,7
train_labeled\7\1901.png,7
train_labeled\7\1902.png,7
train_labeled\7\1903.png,7
train_labeled\7\1904.png,7
train_labeled\7\1905.png,7
train_labeled\7\1906.png,7
train_labeled\7\1907.png,7
train_labeled\7\1908.png,7
train_labeled\7\1909.png,7
train_labeled\7\1910.png,7
train_labeled\7\1911.png,7
train_labeled\7\1912.png,7
train_labeled\7\1913.png,7
train_labeled\7\1914.png,7
train_labeled\7\1915.png,7
train_labeled\7\1916.png,7
train_labeled\7\1917.png,7
train_labeled\7\1918.png,7
train_labeled\7\1919.png,7
train_labeled\7\1920.png,7
train_labeled\7\1921.png,7
train_labeled\7\1922.png,7
train_labeled\7\1923.png,7
train_labeled\7\1924.png,7
train_labeled\7\1925.png,7
train_labeled\7\1926.png,7
train_labeled\7\1927.png,7
train_labeled\7\1928.png,7
train_labeled\7\1929.png,7
train_labeled\7\1930.png,7
train_labeled\7\1931.png,7
train_labeled\7\1932.png,7
train_labeled\7\1933.png,7
train_labeled\7\1934.png,7
train_labeled\7\1935.png,7
train_labeled\7\1936.png,7
train_labeled\7\1937.png,7
train_labeled\7\1938.png,7
train_labeled\7\1939.png,7
train_labeled\7\1940.png,7
train_labeled\7\1941.png,7
train_labeled\7\1942.png,7
train_labeled\7\1943.png,7
train_labeled\7\1944.png,7
train_labeled\7\1945.png,7
train_labeled\7\1946.png,7
train_labeled\7\1947.png,7
train_labeled\7\1948.png,7
train_labeled\7\1949.png,7
train_labeled\7\1950.png,7
train_labeled\7\1951.png,7
train_labeled\7\1952.png,7
train_labeled\7\1953.png,7
train_labeled\7\1954.png,7
train_labeled\7\1955.png,7
train_labeled\7\1956.png,7
train_labeled\7\1957.png,7
train_labeled\7\1958.png,7
train_labeled\7\1959.png,7
train_labeled\7\1960.png,7
train_labeled\7\1961.png,7
train_labeled\7\1962.png,7
train_labeled\7\1963.png,7
train_labeled\7\1964.png,7
train_labeled\7\1965.png,7
train_labeled\7\1966.png,7
train_labeled\7\1967.png,7
train_labeled\7\1968.png,7
train_labeled\7\1969.png,7
train_labeled\7\1970.png,7
train_labeled\7\1971.png,7
train_labeled\7\1972.png,7
train_labeled\7\1973.png,7
train_labeled\7\1974.png,7
train_labeled\7\1975.png,7
train_labeled\7\1976.png,7
train_labeled\7\1977.png,7
train_labeled\7\1978.png,7
train_labeled\7\1979.png,7
train_labeled\7\1980.png,7
train_labeled\7\1981.png,7
train_labeled\7\1982.png,7
train_labeled\7\1983.png,7
train_labeled\7\1984.png,7
train_labeled\7\1985.png,7
train_labeled\7\1986.png,7
train_labeled\7\1987.png,7
train_labeled\7\1988.png,7
train_labeled\7\1989.png,7
train_labeled\7\1990.png,7
train_labeled\7\1991.png,7
train_labeled\7\1992.png,7
train_labeled\7\1993.png,7
train_labeled\7\1994.png,7
train_labeled\7\1995.png,7
train_labeled\7\1996.png,7
train_labeled\7\1997.png,7
train_labeled\7\1998.png,7
train_labeled\7\1999.png,7
train_labeled\8\2000.png,8
train_labeled\8\2001.png,8
train_labeled\8\2002.png,8
train_labeled\8\2003.png,8
train_labeled\8\2004.png,8
train_labeled\8\2005.png,8
train_labeled\8\2006.png,8
train_labeled\8\2007.png,8
train_labeled\8\2008.png,8
train_labeled\8\2009.png,8
train_labeled\8\2010.png,8
train_labeled\8\2011.png,8
train_labeled\8\2012.png,8
train_labeled\8\2013.png,8
train_labeled\8\2014.png,8
train_labeled\8\2015.png,8
train_labeled\8\2016.png,8
train_labeled\8\2017.png,8
train_labeled\8\2018.png,8
train_labeled\8\2019.png,8
train_labeled\8\2020.png,8
train_labeled\8\2021.png,8
train_labeled\8\2022.png,8
train_labeled\8\2023.png,8
train_labeled\8\2024.png,8
train_labeled\8\2025.png,8
train_labeled\8\2026.png,8
train_labeled\8\2027.png,8
train_labeled\8\2028.png,8
train_labeled\8\2029.png,8
train_labeled\8\2030.png,8
train_labeled\8\2031.png,8
train_labeled\8\2032.png,8
train_labeled\8\2033.png,8
train_labeled\8\2034.png,8
train_labeled\8\2035.png,8
train_labeled\8\2036.png,8
train_labeled\8\2037.png,8
train_labeled\8\2038.png,8
train_labeled\8\2039.png,8
train_labeled\8\2040.png,8
train_labeled\8\2041.png,8
train_labeled\8\2042.png,8
train_labeled\8\2043.png,8
train_labeled\8\2044.png,8
train_labeled\8\2045.png,8
train_labeled\8\2046.png,8
train_labeled\8\2047.png,8
train_labeled\8\2048.png,8
train_labeled\8\2049.png,8
train_labeled\8\2050.png,8
train_labeled\8\2051.png,8
train_labeled\8\2052.png,8
train_labeled\8\2053.png,8
train_labeled\8\2054.png,8
train_labeled\8\2055.png,8
train_labeled\8\2056.png,8
train_labeled\8\2057.png,8
train_labeled\8\2058.png,8
train_labeled\8\2059.png,8
train_labeled\8\2060.png,8
train_labeled\8\2061.png,8
train_labeled\8\2062.png,8
train_labeled\8\2063.png,8
train_labeled\8\2064.png,8
train_labeled\8\2065.png,8
train_labeled\8\2066.png,8
train_labeled\8\2067.png,8
train_labeled\8\2068.png,8
train_labeled\8\2069.png,8
train_labeled\8\2070.png,8
train_labeled\8\2071.png,8
train_labeled\8\2072.png,8
train_labeled\8\2073.png,8
train_labeled\8\2074.png,8
train_labeled\8\2075.png,8
train_labeled\8\2076.png,8
train_labeled\8\2077.png,8
train_labeled\8\2078.png,8
train_labeled\8\2079.png,8
train_labeled\8\2080.png,8
train_labeled\8\2081.png,8
train_labeled\8\2082.png,8
train_labeled\8\2083.png,8
train_labeled\8\2084.png,8
train_labeled\8\2085.png,8
train_labeled\8\2086.png,8
train_labeled\8\2087.png,8
train_labeled\8\2088.png,8
train_labeled\8\2089.png,8
train_labeled\8\2090.png,8
train_labeled\8\2091.png,8
train_labeled\8\2092.png,8
train_labeled\8\2093.png,8
train_labeled\8\2094.png,8
train_labeled\8\2095.png,8
train_labeled\8\2096.png,8
train_labeled\8\2097.png,8
train_labeled\8\2098.png,8
train_labeled\8\2099.png,8
train_labeled\8\2100.png,8
train_labeled\8\2101.png,8
train_labeled\8\2102.png,8
train_labeled\8\2103.png,8
train_labeled\8\2104.png,8
train_labeled\8\2105.png,8
train_labeled\8\2106.png,8
train_labeled\8\2107.png,8
train_labeled\8\2108.png,8
train_labeled\8\2109.png,8
train_labeled\8\2110.png,8
train_labeled\8\2111.png,8
train_labeled\8\2112.png,8
train_labeled\8\2113.png,8
train_labeled\8\2114.png,8
train_labeled\8\2115.png,8
train_labeled\8\2116.png,8
train_labeled\8\2117.png,8
train_labeled\8\2118.png,8
train_labeled\8\2119.png,8
train_labeled\8\2120.png,8
train_labeled\8\2121.png,8
train_labeled\8\2122.png,8
train_labeled\8\2123.png,8
train_labeled\8\2124.png,8
train_labeled\8\2125.png,8
train_labeled\8\2126.png,8
train_labeled\8\2127.png,8
train_labeled\8\2128.png,8
train_labeled\8\2129.png,8
train_labeled\8\2130.png,8
train_labeled\8\2131.png,8
train_labeled\8\2132.png,8
train_labeled\8\2133.png,8
train_labeled\8\2134.png,8
train_labeled\8\2135.png,8
train_labeled\8\2136.png,8
train_labeled\8\2137.png,8
train_labeled\8\2138.png,8
train_labeled\8\2139.png,8
train_labeled\8\2140.png,8
train_labeled\8\2141.png,8
train_labeled\8\2142.png,8
train_labeled\8\2143.png,8
train_labeled\8\2144.png,8
train_labeled\8\2145.png,8
train_labeled\8\2146.png,8
train_labeled\8\2147.png,8
train_labeled\8\2148.png,8
train_labeled\8\2149.png,8
train_labeled\8\2150.png,8
train_labeled\8\2151.png,8
train_labeled\8\2152.png,8
train_labeled\8\2153.png,8
train_labeled\8\2154.png,8
train_labeled\8\2155.png,8
train_labeled\8\2156.png,8
train_labeled\8\2157.png,8
train_labeled\8\2158.png,8
train_labeled\8\2159.png,8
train_labeled\8\2160.png,8
train_labeled\8\2161.png,8
train_labeled\8\2162.png,8
train_labeled\8\2163.png,8
train_labeled\8\2164.png,8
train_labeled\8\2165.png,8
train_labeled\8\2166.png,8
train_labeled\8\2167.png,8
train_labeled\8\2168.png,8
train_labeled\8\2169.png,8
train_labeled\8\2170.png,8
train_labeled\8\2171.png,8
train_labeled\8\2172.png,8
train_labeled\8\2173.png,8
train_labeled\8\2174.png,8
train_labeled\8\2175.png,8
train_labeled\8\2176.png,8
train_labeled\8\2177.png,8
train_labeled\8\2178.png,8
train_labeled\8\2179.png,8
train_labeled\8\2180.png,8
train_labeled\8\2181.png,8
train_labeled\8\2182.png,8
train_labeled\8\2183.png,8
train_labeled\8\2184.png,8
train_labeled\8\2185.png,8
train_labeled\8\2186.png,8
train_labeled\8\2187.png,8
train_labeled\8\2188.png,8
train_labeled\8\2189.png,8
train_labeled\8\2190.png,8
train_labeled\8\2191.png,8
train_labeled\8\2192.png,8
train_labeled\8\2193.png,8
train_labeled\8\2194.png,8
train_labeled\8\2195.png,8
train_labeled\8\2196.png,8
train_labeled\8\2197.png,8
train_labeled\8\2198.png,8
train_labeled\8\2199.png,8
train_labeled\8\2200.png,8
train_labeled\8\2201.png,8
train_labeled\8\2202.png,8
train_labeled\8\2203.png,8
train_labeled\8\2204.png,8
train_labeled\8\2205.png,8
train_labeled\8\2206.png,8
train_labeled\8\2207.png,8
train_labeled\8\2208.png,8
train_labeled\8\2209.png,8
train_labeled\8\2210.png,8
train_labeled\8\2211.png,8
train_labeled\8\2212.png,8
train_labeled\8\2213.png,8
train_labeled\8\2214.png,8
train_labeled\8\2215.png,8
train_labeled\8\2216.png,8
train_labeled\8\2217.png,8
train_labeled\8\2218.png,8
train_labeled\8\2219.png,8
train_labeled\8\2220.png,8
train_labeled\8\2221.png,8
train_labeled\8\2222.png,8
train_labeled\8\2223.png,8
train_labeled\8\2224.png,8
train_labeled\8\2225.png,8
train_labeled\8\2226.png,8
train_labeled\8\2227.png,8
train_labeled\8\2228.png,8
train_labeled\8\2229.png,8
train_labeled\8\2230.png,8
train_labeled\8\2231.png,8
train_labeled\8\2232.png,8
train_labeled\8\2233.png,8
train_labeled\8\2234.png,8
train_labeled\8\2235.png,8
train_labeled\8\2236.png,8
train_labeled\8\2237.png,8
train_labeled\8\2238.png,8
train_labeled\8\2239.png,8
train_labeled\8\2240.png,8
train_labeled\8\2241.png,8
train_labeled\8\2242.png,8
train_labeled\8\2243.png,8
train_labeled\8\2244.png,8
train_labeled\8\2245.png,8
train_labeled\8\2246.png,8
train_labeled\8\2247.png,8
train_labeled\8\2248.png,8
train_labeled\8\2249.png,8
train_labeled\9\2250.png,9
train_labeled\9\2251.png,9
train_labeled\9\2252.png,9
train_labeled\9\2253.png,9
train_labeled\9\2254.png,9
train_labeled\9\2255.png,9
train_labeled\9\2256.png,9
train_labeled\9\2257.png,9
train_labeled\9\2258.png,9
train_labeled\9\2259.png,9
train_labeled\9\2260.png,9
train_labeled\9\2261.png,9
train_labeled\9\2262.png,9
train_labeled\9\2263.png,9
train_labeled\9\2264.png,9
train_labeled\9\2265.png,9
train_labeled\9\2266.png,9
train_labeled\9\2267.png,9
train_labeled\9\2268.png,9
train_labeled\9\2269.png,9
train_labeled\9\2270.png,9
train_labeled\9\2271.png,9
train_labeled\9\2272.png,9
train_labeled\9\2273.png,9
train_labeled\9\2274.png,9
train_labeled\9\2275.png,9
train_labeled\9\2276.png,9
train_labeled\9\2277.png,9
train_labeled\9\2278.png,9
train_labeled\9\2279.png,9
train_labeled\9\2280.png,9
train_labeled\9\2281.png,9
train_labeled\9\2282.png,9
train_labeled\9\2283.png,9
train_labeled\9\2284.png,9
train_labeled\9\2285.png,9
train_labeled\9\2286.png,9
train_labeled\9\2287.png,9
train_labeled\9\2288.png,9
train_labeled\9\2289.png,9
train_labeled\9\2290.png,9
train_labeled\9\2291.png,9
train_labeled\9\2292.png,9
train_labeled\9\2293.png,9
train_labeled\9\2294.png,9
train_labeled\9\2295.png,9
train_labeled\9\2296.png,9
train_labeled\9\2297.png,9
train_labeled\9\2298.png,9
train_labeled\9\2299.png,9
train_labeled\9\2300.png,9
train_labeled\9\2301.png,9
train_labeled\9\2302.png,9
train_labeled\9\2303.png,9
train_labeled\9\2304.png,9
train_labeled\9\2305.png,9
train_labeled\9\2306.png,9
train_labeled\9\2307.png,9
train_labeled\9\2308.png,9
train_labeled\9\2309.png,9
train_labeled\9\2310.png,9
train_labeled\9\2311.png,9
train_labeled\9\2312.png,9
train_labeled\9\2313.png,9
train_labeled\9\2314.png,9
train_labeled\9\2315.png,9
train_labeled\9\2316.png,9
train_labeled\9\2317.png,9
train_labeled\9\2318.png,9
train_labeled\9\2319.png,9
train_labeled\9\2320.png,9
train_labeled\9\2321.png,9
train_labeled\9\2322.png,9
train_labeled\9\2323.png,9
train_labeled\9\2324.png,9
train_labeled\9\2325.png,9
train_labeled\9\2326.png,9
train_labeled\9\2327.png,9
train_labeled\9\2328.png,9
train_labeled\9\2329.png,9
train_labeled\9\2330.png,9
train_labeled\9\2331.png,9
train_labeled\9\2332.png,9
train_labeled\9\2333.png,9
train_labeled\9\2334.png,9
train_labeled\9\2335.png,9
train_labeled\9\2336.png,9
train_labeled\9\2337.png,9
train_labeled\9\2338.png,9
train_labeled\9\2339.png,9
train_labeled\9\2340.png,9
train_labeled\9\2341.png,9
train_labeled\9\2342.png,9
train_labeled\9\2343.png,9
train_labeled\9\2344.png,9
train_labeled\9\2345.png,9
train_labeled\9\2346.png,9
train_labeled\9\2347.png,9
train_labeled\9\2348.png,9
train_labeled\9\2349.png,9
train_labeled\9\2350.png,9
train_labeled\9\2351.png,9
train_labeled\9\2352.png,9
train_labeled\9\2353.png,9
train_labeled\9\2354.png,9
train_labeled\9\2355.png,9
train_labeled\9\2356.png,9
train_labeled\9\2357.png,9
train_labeled\9\2358.png,9
train_labeled\9\2359.png,9
train_labeled\9\2360.png,9
train_labeled\9\2361.png,9
train_labeled\9\2362.png,9
train_labeled\9\2363.png,9
train_labeled\9\2364.png,9
train_labeled\9\2365.png,9
train_labeled\9\2366.png,9
train_labeled\9\2367.png,9
train_labeled\9\2368.png,9
train_labeled\9\2369.png,9
train_labeled\9\2370.png,9
train_labeled\9\2371.png,9
train_labeled\9\2372.png,9
train_labeled\9\2373.png,9
train_labeled\9\2374.png,9
train_labeled\9\2375.png,9
train_labeled\9\2376.png,9
train_labeled\9\2377.png,9
train_labeled\9\2378.png,9
train_labeled\9\2379.png,9
train_labeled\9\2380.png,9
train_labeled\9\2381.png,9
train_labeled\9\2382.png,9
train_labeled\9\2383.png,9
train_labeled\9\2384.png,9
train_labeled\9\2385.png,9
train_labeled\9\2386.png,9
train_labeled\9\2387.png,9
train_labeled\9\2388.png,9
train_labeled\9\2389.png,9
train_labeled\9\2390.png,9
train_labeled\9\2391.png,9
train_labeled\9\2392.png,9
train_labeled\9\2393.png,9
train_labeled\9\2394.png,9
train_labeled\9\2395.png,9
train_labeled\9\2396.png,9
train_labeled\9\2397.png,9
train_labeled\9\2398.png,9
train_labeled\9\2399.png,9
train_labeled\9\2400.png,9
train_labeled\9\2401.png,9
train_labeled\9\2402.png,9
train_labeled\9\2403.png,9
train_labeled\9\2404.png,9
train_labeled\9\2405.png,9
train_labeled\9\2406.png,9
train_labeled\9\2407.png,9
train_labeled\9\2408.png,9
train_labeled\9\2409.png,9
train_labeled\9\2410.png,9
train_labeled\9\2411.png,9
train_labeled\9\2412.png,9
train_labeled\9\2413.png,9
train_labeled\9\2414.png,9
train_labeled\9\2415.png,9
train_labeled\9\2416.png,9
train_labeled\9\2417.png,9
train_labeled\9\2418.png,9
train_labeled\9\2419.png,9
train_labeled\9\2420.png,9
train_labeled\9\2421.png,9
train_labeled\9\2422.png,9
train_labeled\9\2423.png,9
train_labeled\9\2424.png,9
train_labeled\9\2425.png,9
train_labeled\9\2426.png,9
train_labeled\9\2427.png,9
train_labeled\9\2428.png,9
train_labeled\9\2429.png,9
train_labeled\9\2430.png,9
train_labeled\9\2431.png,9
train_labeled\9\2432.png,9
train_labeled\9\2433.png,9
train_labeled\9\2434.png,9
train_labeled\9\2435.png,9
train_labeled\9\2436.png,9
train_labeled\9\2437.png,9
train_labeled\9\2438.png,9
train_labeled\9\2439.png,9
train_labeled\9\2440.png,9
train_labeled\9\2441.png,9
train_labeled\9\2442.png,9
train_labeled\9\2443.png,9
train_labeled\9\2444.png,9
train_labeled\9\2445.png,9
train_labeled\9\2446.png,9
train_labeled\9\2447.png,9
train_labeled\9\2448.png,9
train_labeled\9\2449.png,9
train_labeled\9\2450.png,9
train_labeled\9\2451.png,9
train_labeled\9\2452.png,9
train_labeled\9\2453.png,9
train_labeled\9\2454.png,9
train_labeled\9\2455.png,9
train_labeled\9\2456.png,9
train_labeled\9\2457.png,9
train_labeled\9\2458.png,9
train_labeled\9\2459.png,9
train_labeled\9\2460.png,9
train_labeled\9\2461.png,9
train_labeled\9\2462.png,9
train_labeled\9\2463.png,9
train_labeled\9\2464.png,9
train_labeled\9\2465.png,9
train_labeled\9\2466.png,9
train_labeled\9\2467.png,9
train_labeled\9\2468.png,9
train_labeled\9\2469.png,9
train_labeled\9\2470.png,9
train_labeled\9\2471.png,9
train_labeled\9\2472.png,9
train_labeled\9\2473.png,9
train_labeled\9\2474.png,9
train_labeled\9\2475.png,9
train_labeled\9\2476.png,9
train_labeled\9\2477.png,9
train_labeled\9\2478.png,9
train_labeled\9\2479.png,9
train_labeled\9\2480.png,9
train_labeled\9\2481.png,9
train_labeled\9\2482.png,9
train_labeled\9\2483.png,9
train_labeled\9\2484.png,9
train_labeled\9\2485.png,9
train_labeled\9\2486.png,9
train_labeled\9\2487.png,9
train_labeled\9\2488.png,9
train_labeled\9\2489.png,9
train_labeled\9\2490.png,9
train_labeled\9\2491.png,9
train_labeled\9\2492.png,9
train_labeled\9\2493.png,9
train_labeled\9\2494.png,9
train_labeled\9\2495.png,9
train_labeled\9\2496.png,9
train_labeled\9\2497.png,9
train_labeled\9\2498.png,9
train_labeled\9\2499.png,9
