Content,Label
Obecnie Å›rednia cena hurtowa kapusty biaÅ‚ej na rynku wynosi okoÅ‚o 1.35 zÅ‚/kg .Â w zeszÅ‚ym roku o tej samej porze notowaliÅ›my cenyÂ na poziomie ok. 0.85-0.90 zÅ‚/kg.,Korwin
a parÄ™ lat pÃ³Åºniej....Smol przybija piÄ…tkÄ™ğŸ¥°,Korwin
Grupa Azoty spodziewa siÄ™ lekko wzrostowego trendu cen w nawozach,Korwin
ğŸ‘‡Polska coraz bliÅ¼ej przyjÄ™cia waluty â‚¬.  To nasza racja stanu.   Swego rodzaju gospodarcze NATO.,Korwin
UsuniÄ™te. Szybko poszÅ‚o.  #ÅšwiÄ™toDyni,Korwin
MieszkaÅ„cy aglomeracji warszawskiej mogÄ… otrzymaÄ‡ 25 groszy za kaÅ¼de zwrÃ³cone opakowanie PET po wodzie i napojach marki wÅ‚asnej Carrefour. wodzie Muszynianka oraz Piwniczanka. To pilotaÅ¼ systemu. ktÃ³ry ma ruszyÄ‡ za rok.,Korwin
Her reaction says it all ğŸ˜,Korwin
Tak. zliczyÅ‚em.,Korwin
UÅ›miechniÄ™ci bo to uÅ›miechniÄ™ta Polskaâ€¦,Korwin
Jak sÅ‚usznie to byÅ‚ ujÄ…Å‚ p. prof.Robert Gwiazdowski. jak ktoÅ› zabierze nam 100 tys zÅ‚ to jest to kradzieÅ¼. JeÅ›li 410 mld to jest to operacja finansowa,Korwin
EXPO Nadarzyn: China Homelife Poland DziÅ› ostatni dzieÅ„ wystawy w Polsce.,Korwin
Bo od 35 lat zajmuje siÄ™ czytaniem polityki. i wiem co mÃ³wiÄ™.,Korwin
JeÅ›li decyzja o kandydacie KO ma byÄ‡ ogÅ‚oszona na ÅšlÄ…sku. to moÅ¼e wskazywaÄ‡ na Trzaskowskiego. ktÃ³rego Å¼ona jest z Rybnika. Z drugiej strony wiadomo. Å¼e kto wygrywa na ÅšlÄ…sku. wygrywa w caÅ‚ej Polsce. wiÄ™c moÅ¼e to byÄ‡ takÅ¼e ukÅ‚on w stronÄ™ mieszkaÅ„cÃ³w kluczowego regionu. ZresztÄ…,Korwin
Nikt. To powiedziaÅ‚a Klaudia Jachira. KtÃ³ra nie chce wolnej wigilii.,Korwin
They always were,Korwin
wiÄ™c nie warto mieÄ‡ dzieci...?Festiwal obÅ‚udy i propagandy.,Korwin
Prawie 3 na 4 badanych deklaruje bardziej przemyÅ›lane zakupy podstawowych produktÃ³w. takich jak Å¼ywnoÅ›Ä‡ czy ubrania. PoÅ‚owa respondentÃ³w przyznaje. Å¼e odÅ‚oÅ¼yÅ‚a zakup produktu. czekajÄ…c na korzystniejszÄ… cenÄ™. Popularnymi strategiami zakupowymi stajÄ… siÄ™ korzystanie z kuponÃ³w,Korwin
...chyba. Å¼e zabierajÄ… Panu na ten chlew podatki...,Korwin
GÅ‚os za dniem wolnym w WigiliÄ™! DziÄ™kujemy! Wolna Wigilia szansÄ… dla wÅ‚aÅ›cicieli maÅ‚ych sklepÃ³w na rekordowe obroty w roku!GÅ‚os w ramach konsultacji ws Wigilii:  Wigilia jest dniem. kiedy dokonuje siÄ™ zakupÃ³w produktÃ³w Å›wieÅ¼ych i ultraÅ›wieÅ¼ych. szczegÃ³lnie pieczywa. a takÅ¼e zakupÃ³w impulsowych. Ostatnie zakupy przed Å›wiÄ™tami robione sÄ… wiÄ™c gÅ‚Ã³wnie w sklepach prowadzonych przez maÅ‚ych i Å›rednich,Korwin
Komisja Europejska w ramach tzw. programu na rzecz europejskiego przemysÅ‚u obronnego (EDIP) zamierza promowaÄ‡ produkcjÄ™ i zakupy broni wewnÄ…trz UE.  ZwiÄ™kszenie produkcji obronnej jest priorytetem politycznym Unii Europejskiej od czasu ataku Rosji na UkrainÄ™ dwa i pÃ³Å‚ roku temu.,Korwin
One of the best! Two hours interview with  very soon!  #Trump2024,Korwin
Geniusze z TVN.  #Trump2024 ğŸ‘‡,Korwin
129! #electionday2024,Korwin
Lis?  Nie znam.,Korwin
Z nieukrywanÄ… przyjemnoÅ›ciÄ… CiÄ™ pokonam.,Korwin
True. Vote TRUMP!Today. we have the chance to vote for a future of freedom. opportunity. and justiceâ€”not just for some. but for all.  Donâ€™t miss your chance to cast your ballot: http://IWillVote.com,Korwin
W zakresie zwiÄ™kszenia bezpieczeÅ„stwa energetycznego paÅ„stwa. poÅ‚Ä…czenie Orlenu z PGNiG jest klasycznym i w najwyÅ¼szym stopniu nagannym poÅ‚Ä…czeniem ryzyk - ocenia Piotr WoÅºniak. byÅ‚y prezes gazowego koncernu.,Korwin
NaprawdÄ™ na tym spinie daleko nie zajedziecie. Szymon HoÅ‚ownia jest prezesem partii Polska 2050 Szymona HoÅ‚owni. Bez tych wpisÃ³w byÅ›my o tym zapomnieli ğŸ™‚,Korwin
Ceny warchlakÃ³w w Danii bez zmian,Korwin
ğŸ˜‚ğŸ˜‚ğŸ™‰ğŸ™ˆğŸš‘,Korwin
Aresztujcie internety!Osoby. ktÃ³re staÅ‚y i stojÄ… za szkalowaniem mojego dobrego imienia - poniosÄ… prawne konsekwencje tych nienawistnych dziaÅ‚aÅ„. O kolejnych krokach bÄ™dÄ™ PaÅ„stwa informowaÅ‚.,Korwin
Czas zemsty.ğŸ‡®ğŸ‡±âœ¡ï¸ğŸ•,Korwin
President  departs for Michigan!   #Trump2024,Korwin
21 paÅºdziernika br. podczas posiedzenia plenarnego Rady Dialogu SpoÅ‚ecznego poÅ›wiÄ™conego sytuacji w Poczcie Polskiej przewodniczÄ…cy ZZPP przytoczyÅ‚ wyniki referendum strajkowego. w ktÃ³rym - jak wskazaÅ‚ - 96 proc. z 34 tys. gÅ‚osujÄ…cych pracownikÃ³w opowiedziaÅ‚o siÄ™ za rozpoczÄ™ciem,Korwin
Let him in JOY ğŸ˜€,Korwin
Ile przeznaczyÅ‚ na LGBT? ProszÄ™ o dane.Dzisiaj sesja. WspÃ³lnie z @pisorgpl nie udzielamy absolutorium @trzaskowski_ czy  za przeznaczenie jedynie  40 tysiÄ™cy zÅ‚otych na obronÄ™ cywilna Warszawy w 2023 po Prezydenta powinna przyjechaÄ‡ winda z piekÅ‚a?:),Korwin
Sobieski now ğŸ˜,Korwin
Uzbekistan wkracza w proces przeksztaÅ‚cania odpadÃ³w w energiÄ™.  Ministerstwa Ekologii. Energii i Inwestycji Republiki  ogÅ‚osiÅ‚y wÅ‚aÅ›nie budowÄ™ 8 spalarni odpadÃ³w komunalnych do produkcji energii elektrycznej w 8 regionach Uzbekistanu.  Inwestorami i operatorami bÄ™dÄ… ChiÅ„czycy i,Korwin
Z prac Izby Polska Azja wspÃ³Å‚praca z Kazachstanem w Listopadzie 12 listopada PaÅ„stwo Kazachskie na mapach Europy i Ameryki XV-XIX wieku,Korwin
byÅ‚a pani na Targach Kosmetycznych ?,Korwin
WrzeszczÄ…cy  from the river to the sea nie powiedzieli. Å¼e nie idzie o Morze ÅšrÃ³dziemne. ale o kaÅ¼de morze. do ktÃ³rego bÄ™dÄ… mogli spychaÄ‡  niewiernych. Bo Å»ydzi to oczywiÅ›cie tylko poczÄ…tek. DÅ¼ihad na nich siÄ™ nie skoÅ„czy.,Korwin
#BeLikePoland ğŸ‡µğŸ‡±,Korwin
Was to bawi?,Korwin
W punkt  !ğŸ‘‡ #PowodÅº,Korwin
Ja mÃ³wiÄ™: niech sie Rosja z Ukraina w tej sprawie dogadaja lub wojujÄ….,Korwin
Dobra juÅ¼ idÅº do tego Trzaskowskiego.,Korwin
11-XI w ÅšwiÄ™to ZakoÅ„czenia I Wojny Åšwiatowej sympatycy partii KORWiN spotykajÄ… siÄ™ na meetingu o 13.00 przed rozbieranÄ… CePeLiÄ„ (na przeciwlegÅ‚ym rogu niÅ¼ Czapka Generalska). NiektÃ³rzy potem idÄ… na Marsz. choÄ‡ rzÄ…d II RP (londyÅ„ski) zakazaÅ‚ w 1940 obchodzenia tego Å›wiÄ™ta...,Korwin
To niestety nieprawda. BÄ™dzie Å¼yÅ‚o w najlepsze.,Korwin
DokÅ‚adnie tak.,Korwin
To me it seems. at first sight. like an act of a botched provocation. It looks totally untrustworthy. However. the incident needs further investigation. of course.  will definitely take all the steps needed to identify the culprits as soon as possible.,Korwin
MuszÄ™ potwierdziÄ‡ :  rzÄ…dzi ğŸ˜‚Ta komisja to ma jakiegoÅ› przewodniczÄ…cego czy siÄ™ tak ot po prostu odbywa sama z siebie?,Korwin
14 listopada 2024 r. zapraszamy na konferencjÄ™ Motoryzacja wczoraj. dziÅ› i jutro w Centrum Konferencyjnym Legnicka Specjalna Strefa Ekonomiczna S.A.. W trakcie wydarzenia poprowadzimy dwie grupy robocze:   ğŸ”§ Grupa JakoÅ›ciowa â€“ W tej sesji omÃ³wimy. jak skutecznie budowaÄ‡,Korwin
ObejrzaÅ‚em na YT kilka tekstÃ³w o Norylsku. Nie ma tu znaczenia. Å¼e to za koÅ‚em podbiegunowym i w Rosji; chodzi o sposÃ³b myÅ›lenia. Autorzy nazywajÄ… Norylsk najgorszym miastem w Rosji,Korwin
Jakie mordowanie tysiÄ™cy ludzi? Wojna to normalna rzecz. Napoleona teÅ¼ Pan nazwiesz zbrodniarzem?,Korwin
Taniej pÅ‚aciÄ‡ KoreaÅ„czykom niz Rosjanom...,Korwin
ZÅ‚odziejeeeee internetu!,Korwin
Nie czytaÅ‚em od dawna Å¼adnej prasy rosyjskiej... Zreszta o rosyjskiej propagandzie mam jak najgorsze zdanie. KÅ‚amie mniej od amerykaÅ„skiej. ale znacznie gÅ‚upiej.,Korwin
Kto by pomyÅ›laÅ‚. Å¼e 80 lat po wojnie. Polacy jeszcze raz bÄ™dÄ… musieli pokonaÄ‡ nazizm. tym razem w lokalu wyborczym.,Korwin
GÅ‚Ã³wna stopa NBP. stopa referencyjna. zostaÅ‚a utrzymana na poziomie 5.75 proc. Stopa depozytowa wynosi 5.25 proc.. stopa lombardowa - 6.25 proc. Stopa redyskontowa weksli zostaÅ‚a utrzymana na poziomie 5.8 proc.. a stopa dyskontowa weksli wynosi nadal 5.85 proc.,Korwin
Mnie nie boli jako Polaka. Po prostu bojÄ™ siÄ™ wojny nuklearnej.,Korwin
ğŸ‘‡Marczuk: kolejne kilkaset firm dostanie wezwania do zwrotu subwencji z tarcz antycovidowych #PAPinformacje https://pap.pl/aktualnosci/marczuk-kolejne-kilkaset-firm-dostanie-wezwania-do-zwrotu-subwencji-z-tarczâ€¦,Korwin
Donald Trump kolejny raz wyszedÅ‚ do Many Men 50 Cent.  Kto zna tekst ten wie! #Trump2024,Korwin
Przede wszystkim nie przesÄ…dzaÅ‚abym z gÃ³ry pÅ‚ci osoby kandydujÄ…cej. . bo to dyskryminujÄ…ce.,Korwin
Powiem tak: ma inne warunkiâ€¦ ğŸ™„,Korwin
WÅ‚aÅ›nie wielu rodzinom chcemy Å¼ycie uÅ‚atwiÄ‡.,Korwin
CÃ³rka Muska wÅ‚aÅ›nie ogÅ‚osiÅ‚a. Å¼e po zwyciÄ™stwie Trumpa opuszcza AmerykÄ™.,Korwin
Kolejne gminy podnoszÄ… opÅ‚aty za odbiÃ³r i zagospodarowanie odpadÃ³w. Z 32 do 37 zÅ‚ od osoby wzroÅ›nie od 1 stycznia roku opÅ‚ata za odbiÃ³r i zagospodarowanie odpadÃ³w na terenie gminy OstrzeszÃ³w. 27 zÅ‚ pÅ‚aciÄ‡ bÄ™dÄ… od nowego roku mieszkaÅ„cy gminy Golina.,Korwin
WidzÄ™. Å¼e Pan tu nowy na moim wallu.,Korwin
President Trump will stop World War III.,Korwin
Polska nie jest krajem partii masowych.,Korwin
JeÅ›li idzie o wspÃ³Å‚czynnik walecznoÅ›ci. to nasze tenisistki wyprzedzajÄ… naszych piÅ‚karzy o kilka dÅ‚ugoÅ›ci. To u nich widzÄ™ walecznoÅ›Ä‡. pasjÄ™ i determinacjÄ™.  Go girls!ğŸ’ªğŸ‡µğŸ‡±ğŸ‘ âœŒï¸,Korwin
Teraz czekam na wywiad Jakimowicza z Macierewiczem. Najlepiej na miejscu.,Korwin
Z Radkiem to my siÄ™ my siÄ™ po prostu znamy prywatnie.,Korwin
DziÄ™kujÄ™ za komentarz podbijajÄ…cy zasiÄ™gi. Senkju.,Korwin
To. czy ktoÅ› jest naprawdÄ™ przygotowany. czy nie. okazuje siÄ™ dopiero w momencie zero: nikt nie sÄ…dziÅ‚. Å¼e ZeÅ‚enski z komika tak sprawnie przeistoczy siÄ™ w mÄ™Å¼a stanu. A z kolei Komorowski (ktÃ³ry wygraÅ‚ prawybory z Sikorskim) nie udÅºwignÄ…Å‚ roli prezydenta.,Korwin
O 20 powiem kro wygra i kto przegra prawybory w KO.  Kto wygra prawybory? | Tomasz Lis LIVE! 21.11.2024  przez,Korwin
W ostatnich trzech miesiÄ…cach na zakupy online Polacy przeznaczyli Å›rednio 2661.31 zÅ‚. przy czym grupa wiekowa 25-34 lata wydaÅ‚a Å›rednio 3480.29 zÅ‚. co wskazuje. Å¼e mÅ‚odsze osoby dorosÅ‚e sÄ… kluczowe dla e-commerce.,Korwin
God help America ğŸ¤¦â€â™‚ï¸  #Trump2024,Korwin
USA ostrzegÅ‚y niosÄ…cych pomoc humanitarnÄ… by nie szli z niÄ… do potrzebujÄ…cych jej ludzi w pÅ‚n.Ghazie. RPA wypeÅ‚niÅ‚a w MiÄ™dzynarodowym Trybunale SprawiedliwoÅ›ci dokumenty stwierdzajÄ…ce ludobÃ³jstwo popeÅ‚niane przez Izrael w Ghazie:,Korwin
PrzecieÅ¼ tak jest w kaÅ¼dym programie. takÅ¼e w Polsacie. bo jesteÅ›cie przez wszystkie media traktowani jako jeden komitet wyborczy razem z PSL-em.,Korwin
Dobry jest ten mÅ‚ody czÅ‚owiek. Bez znieczulenia.PrÄ™tem po kratach. Jak to dobrze. Å¼e jednak ludzie pamiÄ™tajÄ…!,Korwin
Nie jestem mizoginem. nie mam Å¼adnych urazÃ³w do kobiet. Nie mam teÅ¼ Å¼adnych urazÃ³w do mÅ‚odzieÅ¼y. Gdyby jednak 16-latki miaÅ‚y prawo gÅ‚osu byÅ‚bym za tym. by je im odebraÄ‡. To. Å¼e kobiety je jeszcze majÄ…. a mÅ‚odzi jeszcze nie - nie ma Å¼adnego znaczenia. To jest albo dobre albo zÅ‚e.,Korwin
Nie. przegraÅ‚ z powodu szeregu wÅ‚asnych decyzji za ktÃ³re do dzisiaj nie chce wziÄ…Ä‡ odpowiedzialnoÅ›ci.,Korwin
Nissan podjÄ…Å‚ dziaÅ‚ania majÄ…ce na celu redukcjÄ™ siÅ‚y roboczej ( 9 000 ) i zdolnoÅ›ci produkcyjnych. poniewaÅ¼ firma walczy o wyjÅ›cie z kryzysu zyskÃ³w. ktÃ³ry moÅ¼e wymagaÄ‡ zmiany kultury korporacyjnej.  U podstawy tych dziaÅ‚aÅ„ leÅ¼y bÅ‚Ä…d strategiczny: Nissan skupiÅ‚ siÄ™ na pojazdach,Korwin
Bo gÅ‚upi jesteÅ›. Bywa.,Korwin
Ameryka jest w swym rdzeniu krajem prawicowym. konserwatywnym. tradycjonalistycznym i patriarchalnym. MoÅ¼liwe. Å¼e jej apetyt na progresywne i postÄ™powe rewolucje na kilka dekad wyczerpaÅ‚a prezydentura Obamy.,Korwin
Obywatelski PiS-owski pewnie juÅ¼ pyta swoich czy na konferencjach prasowych moÅ¼e czytaÄ‡ odpowiedzi z kartek.,Korwin
WspaniaÅ‚y duet!!!,Korwin
OczywiÅ›cie!,Korwin
Niby dlaczego?,Korwin
WiÄ™kszoÅ›Ä‡ biaÅ‚ych kobiet teÅ¼ zagÅ‚osowaÅ‚a na Trumpa. A tyle byÅ‚o trucia. Å¼e kobiety pokonajÄ… Trumpa. bo zaleÅ¼y im gÅ‚Ã³wnie na aborcji. PostÄ™powe mity. Bez zwiÄ…zku z rzeczywistoÅ›ciÄ….,Korwin
Nie lubiÄ™ jego sposobu zarzÄ…dzania moim miastem: braku udziaÅ‚u w sesjach rady miasta i rad dzielnic. robienie polityki za pomocÄ… selfie.,Korwin
OCZYWISTA nieprawda. Gdyby kobiety teÅ¼ pracowaÅ‚y i teÅ¼ zarabiaÅ‚y (rozumiem: tak,Korwin
w sektorze MÅšP   dane ZakÅ‚adu UbezpieczeÅ„ SpoÅ‚ecznych wzrost zalegÅ‚oÅ›ci przedsiÄ™biorcÃ³w siÄ™ga 18.5 proc. w ujÄ™ciu rok do roku - w I pÃ³Å‚roczu 2024 wyniosÅ‚y one przeciÄ™tnie 31.4 tys. zÅ‚. podczas gdy rok temu byÅ‚o to 26.5 tys. zÅ‚.,Korwin
Skoro nie potrafimy zÅ‚apaÄ‡ przestÄ™pcÃ³w z PiS. to Å‚apiemy swoich. Jest to jakaÅ› koncepcja.,Korwin
WycofajÄ… kontrasygnatÄ™ swoich sÅ‚Ã³w i czynÃ³w?,Korwin
Dlaczego miaÅ‚aby to robiÄ‡. majÄ…c wÅ‚asnego kandydata lub kandydatkÄ™? Co to za idiotyczne zaÅ‚oÅ¼enia?,Korwin
Dzisiaj mamy przed sobÄ… bardzo konkretne przedsiÄ™wziÄ™cie. konkretne zadanie; tym zadaniem jest zwyciÄ™stwo siÅ‚ patriotycznych w wyborach prezydenckich â€” oÅ›wiadczyÅ‚.  WedÅ‚ug prezesa PiS to musi byÄ‡ pierwszy krok w stronÄ™ tego. moÅ¼na powiedzieÄ‡. ponownego wyzwolenia naszego narodu,Korwin
wÅ›rÃ³d mikrofirm oraz maÅ‚ych przedsiÄ™biorstw obecnie najwiÄ™ksze obawy budzÄ… ogÃ³lnie rosnÄ…ce koszty prowadzenia dziaÅ‚alnoÅ›ci gospodarczej - takiego zadania byÅ‚o 36.7 proc. badanych. Na drugim miejscu przedsiÄ™biorcy wymienili podnoszenie skÅ‚adek na ZUS (29.5 proc.). a na trzecim -,Korwin
Czy pan ksiunc miaÅ‚ jakieÅ› kosmiczne skarpetki za te trzy i pÃ³Å‚ baÅ„ki?,Korwin
JuÅ¼ jutro startujÄ… targi Taropak w Poznaniu! czÅ‚onkowie Izby Polska Azja obecni!,Korwin
Aha - z 2019. kiedy juÅ¼ reÅ¼ym opanowaÅ‚ komisje wyborcze...,Korwin
To dziÅ› po meczu fotki z Robertsonem?,Korwin
Farciarz. ğŸ˜‰ğŸ˜‚âœŒï¸,Korwin
Nawet jak ksiÄ™dza wziÄ™li sobie za bohatera. to wybrali zÅ‚odzieja. ZwykÅ‚y margines spoÅ‚eczny. Tyle Å¼e rozmodlony. A w kaÅ¼dym razie rÄ…czki do publicznej modlitwy skÅ‚adajÄ…cy.,Korwin
Biden odpowiedziaÅ‚ w jÄ™zyku,Korwin
JÄ™czybuÅ‚?  Co to za patusiarski slang?  No ale skoro tak:   Ogarnij siÄ™ niemoto bo wstyd przynosisz na dzielni. Za strzelanie z ucha na PolskÄ™ niemiaszki was chroniÄ… ale przyjdzie wasz polityczny kres.,Korwin
Boli? Ma boleÄ‡.,Korwin
I znowu Kamala.#New General election poll   ğŸ”µ Harris 50% (+4) ğŸ”´ Trump 46%  Morning Consult #C - 8570 LV - 10/20,Korwin
Grupa Mulliez. do ktÃ³rej naleÅ¼y sieÄ‡ sklepÃ³w wielkopowierzchniowych Auchan. przedstawiÅ‚a  przedstawicielom pracownikÃ³w proponowany plan zwolnieÅ„. ktÃ³ry obejmuje Å‚Ä…cznie 2389 miejsc pracy we Francji. DecyzjÄ™ spÃ³Å‚ka uzasadniÅ‚a problemami finansowymi - poinformowaÅ‚a agencja AFP.,Korwin
Ksero to tylko Luiza Michalik ğŸ¤­,Korwin
On nie jest gÅ‚upi. jest bÅ‚yskotliwy i inteligentny. Jest natomiast wprost skrajnie bezczelny. co poczytuje sam sobie za +1000 do mÄ™skoÅ›ci.,Korwin
Bank Åšwiatowy:Polska odnotowuje najwiÄ™kszÄ… w Europie liczbÄ™ przedwczesnych zgonÃ³w spowodowanych zanieczyszczeniem powietrza. szacowanÄ… na ok. 40 tys. rocznie. i jest jedynym krajem na kontynencie. w ktÃ³rym liczba zgonÃ³w zwiÄ…zanych z zanieczyszczeniem wzrosÅ‚a pomiÄ™dzy 2015 a 2020,Korwin
No problem. bo mÃ³j dziadek byÅ‚ w AK i WiN.,Korwin
OK. broni Pan legalizmu - i oczywiÅ›cie jest prawdÄ…. Å¼e w Å›wietle prawa Rzplitej 2 1/2 sÄ…dy mogÅ‚y skazaÄ‡ Å›p.Pileckiego na smierÄ‡ - ale teÅ¼ BolesÅ‚aw Bierut jako prezydent miaÅ‚ prawo i moralny obowiÄ…zek Go uÅ‚askawiÄ‡!,Korwin
A niedÅ‚ugo bÄ™dziesz dupÄ… w wiÄ™zieniu.,Korwin
Z 41% na 11%.,Korwin
W wyniku przeprowadzonych rozmÃ³w i uzgodnieÅ„ z bankami Grupa Azoty Polyolefins podpisaÅ‚a umowÄ™ zmieniajÄ…cÄ… do umowy stabilizacyjnej z grudnia 2023 r. dotyczÄ…cej finansowania projektu Polimery Police. Umowa bÄ™dzie obowiÄ…zywaÅ‚a do 29 listopada br.,Korwin
#BestiaZKutna rulezzz! ğŸ˜,Korwin
Szef polityki zagranicznej UE Josep Borrell staraÅ‚ siÄ™ wczoraj (9 listopada) zapewniÄ‡ UkrainÄ™ o niezachwianym wsparciu Europy. kilka dni po tym. jak wygrana Donalda Trumpa w wyborach wywoÅ‚aÅ‚a niepewnoÅ›Ä‡ co do jej wysiÅ‚kÃ³w wojennych.,Korwin
Zaproszenie na debatÄ™ Forum Dialog+ Wybory w USA i ich znaczenie dla relacji transatlantyckich. dn. 15.11.2024. godz. 11:00 online * Â  Janusz REITER. prezes Centrum StosunkÃ³w MiÄ™dzynarodowych. byÅ‚y Ambasador Polski w USA i Niemczech * Â  dr hab.Eliza CHILIMONIUK- PRZEÅ¹DZIECKA.,Korwin
Fabryka we WrzeÅ›niÂ produkuje 450 samochodÃ³w na kaÅ¼dej zmianie,Korwin
JuÅ¼ pisaÅ‚em: nie chodzi o OBNIÅ»ENIE podatkÃ³w od spadku dla niektÃ³rych grup. tylko o LIKWIDACJÄ˜ podatku od spadku dla wszystkich. PrzecieÅ¼ spadki w rodzinie - na pewno ponad 90% spadkÃ³w - i tak od dawna nie sÄ… opodatkowane!DZIEÅƒ DOBRY.,Korwin
157!Updated Valuetainment Map: Electoral Results.Â #vt2024,Korwin
Long story short: kto chce odpartyjnienia SSP? â¤µï¸ 1. . 2. . 3.    Kto chce utrzymania synekur dla swoich? â¤µï¸ 1. . 2.,Korwin
Mnie poruszyÅ‚ w taki sposÃ³b. Å¼e muszÄ™ za niego podziÄ™kowaÄ‡. Szary czÅ‚owiek poniÃ³sÅ‚ ofiarÄ™. ktÃ³ra bardzo pomogÅ‚a sformatowaÄ‡ toÅ¼samoÅ›Ä‡ obroÅ„cÃ³w demokracji. W tym sensie absolutnie nie byÅ‚a to ofiara daremna. ChoÄ‡ jak Å›mierÄ‡ P. Adamowicza. owoce wydaÅ‚a po latach.Wywiad z EwÄ… SzczÄ™snÄ… poruszyÅ‚ Was dwojako. Dobrze. MusiaÅ‚ poruszyÄ‡. 7 lat ciszy o Szarym CzÅ‚owieku i doÅ›Ä‡. Pani Ewie Å›lÄ™ Wasze podziÄ™kowania.Jej siÄ™ naleÅ¼Ä…. nie mnie. Za wywaÅ¼one sÅ‚owa. Wszystkich ÅšwiÄ™tych to stosowny moment. Wielu to zrozumie. inni nigdy https://youtu.be/CvbhHv2EtLw?si=0Goylu99i0SH_dTaâ€¦,Korwin
DokÅ‚adnie tak samo apolityczna. jak kandydat.,Korwin
Tsndeciarze ponad podziaÅ‚ami. Spin dla gÅ‚upkÃ³w.,Korwin
Jak to byÅ‚o w PRL: PZPR dzieliÅ‚a siÄ™ na 2 nienawidzÄ…ce siÄ™ frakcje. Chamy (dziÅ› z Å‚aski Kiszczaka PiS) i Å»ydy (czyli KO). Dalej ZSL (PSL) i SD (czyli Polska 2050). Aha: i 18 miejsc miaÅ‚y drobne prawicowo-katolickie ugrupowania,Korwin
Thank You  ğŸ¤  #Trump2024  #PolesForTrump,Korwin
Liczba sklepÃ³w w Polsce wzrosÅ‚a w 2023 roku o 0.2 proc. rok do roku. czyli o 0.8 tys. i jest ich obecnie ok. 327 tys. - podaÅ‚ GUS.,Korwin
UwaÅ¼am. Å¼e to zdjÄ™cie. Moment szczÄ™Å›liwego czÅ‚owieka. a przy okazji czÅ‚owieka najbogatszego na Å›wiecie. Tak. uwaÅ¼am. Å¼e jego zaangaÅ¼owanie to powaÅ¼ne wsparcie dla Trumpa.,Korwin
w zeszÅ‚ym tygodniu na Targach PrzemysÅ‚owych wEXPO PTAK....,Korwin
Matysiak powiedziaÅ‚a wÅ‚aÅ›nie. Å¼e nie wyklucza startu w wyborach prezydenckich. Dzis start ma podobno ogÅ‚osiÄ‡ ten Jakubiak od Kukiza. Szykuje siÄ™ niezÅ‚y cyrk.,Korwin
Dzieci. przyjaciÃ³Å‚ i kolegÃ³w z pracy trzeba UÅšWIADAMIAÄ†,Korwin
Tak. NazistÃ³w naleÅ¼aÅ‚o osÄ…dziÄ‡ na podstawie prawa niemieckiego. ktÃ³re przecieÅ¼ przewiduje KS za znacznie mniejsze przestepstwa. Norymberga byÅ‚a zÅ‚amaniem podstawowych zasad prawnych (np. Prawo nie dziaÅ‚a wstecz - ale nie tylko),Korwin
Dlaczego miaÅ‚abym cudzemu pomagaÄ‡?,Korwin
Czy Hamas- lewica organizatorÃ³w pogromu w Amsterdamie teÅ¼ nazwie bojownikami walczÄ…cymi z kolonializmem? A moÅ¼e jednak lepiej muzuÅ‚maÅ„skimi miÅ‚oÅ›nikami terroryzmu i mordowania Å»ydÃ³w?,Korwin
MoÅ¼liwe - ale jeÅ›li omija. to efektem jest wiÄ™ksza liczba wybudowanych mieszkaÅ„.,Korwin
Brytyjski dziennik The Telegraph podaÅ‚ w ostatnich dniach. Å¼e prezydent elekt USA Donald Trump ma plan zamroÅ¼enia wojny na Ukrainie. WedÅ‚ug gazety Trump moÅ¼e wezwaÄ‡ wojska paÅ„stw czÅ‚onkowskich UE i brytyjskie do ustanowienia liczÄ…cej ponad 1200 km strefy buforowej miÄ™dzy,Korwin
Bezbekowi admini. co sÄ…dzimy?Posadzka mostu pieszo-rowerowego jest juÅ¼ Å›nieÅ¼nobiaÅ‚a. Pieszych prosimy. Å¼eby przed wejÅ›ciem nie zapomnieli o kapciach-chcemy. Å¼eby efekt utrzymaÅ‚ siÄ™ jak najdÅ‚uÅ¼ej! Dla rowerzystÃ³w nie mamy jeszcze rozwiÄ…zania. ale na pewno jeszcze dziÅ› coÅ› wymyÅ›limy! Udanego piÄ…tku Kochani! â¤,Korwin
2/2 Jest w tym duÅ¼o groÅºniejszy.niÅ¼  czy  ktÃ³re spierajÄ… siÄ™ z nami (bo teÅ¼ majÄ… jakieÅ› idee. tyle Å¼e przeciwne).  od poczÄ…tku powstania usiÅ‚uje realizowaÄ‡ koniec historii Fukuyamy i wyzuÄ‡ politykÄ™ z idei.pozostawiajÄ…c tylko spÃ³r personalny.,Korwin
Chiny pobudzanie popytu: Do 24 paÅºdziernika MOC otrzymaÅ‚o 1.57 miliona wnioskÃ³w o zachÄ™ty do zÅ‚omowania i 1.26 miliona wnioskÃ³w o dotacje na wymianÄ™ samochodÃ³w. Polityka wymiany oÅ¼ywiÅ‚a popyt konsumentÃ³w. napÄ™dziÅ‚a rozwÃ³j nowych. wysokiej jakoÅ›ci siÅ‚ produkcyjnych. promowaÅ‚a,Korwin
Ta jesieÅ„ obfituje w istnÄ… plagÄ™ zÅ‚odziei na serbskich polach warzyw. Plantatorzy mÃ³wiÄ…. Å¼e zÅ‚odzieje wchodzÄ… na pola jak na wÅ‚asne i zabierajÄ… wszystko. co da siÄ™ spieniÄ™Å¼yÄ‡.,Korwin
Ona/jej  SzczeniakÃ³w nie bÄ™dzie. bo sunia jest wysterylizowana.,Korwin
No tak. Bez weryfikacji skÅ‚adek i gÅ‚osowanie esemesem. Mnie zatem dziwi w tym kontekÅ›cie liczba czÅ‚onkÃ³w Partii Razem. ktÃ³ra wziÄ™Å‚a udziaÅ‚ w ich referendum. takÅ¼e robionym za pomocÄ… SMS (i to trwajÄ…cym dwa dni): raptem 800 na 3.5 tys deklarowanych czÅ‚onkÃ³w.,Korwin
W Polsce tzw tajemnica dziennikarska to coraz czÄ™Å›ciej po prostu pretekst by nie  ujawniaÄ‡. Å¼e informacja jest ordynarnÄ… konfabulacjÄ…,Korwin
To GlOcio jest przeraÅ¼ajÄ…ce. Huragany. tornada i zniszczenia. Konkretnie: grozi zniszczenie Sahary!  ZalewajÄ… jÄ… deszcze. Jeszcze parÄ™naÅ›cie lat i wspaniaÅ‚e piaski mogÄ… zniknÄ…Ä‡ przykryte ohydnym zielonym caÅ‚unem traw.  Ratujmy SaharÄ™! Nie palmy w kominku!,Korwin
nawet poÅ‚owa dorosÅ‚ych w wieku 20â€“24 lat pracuje na umowÄ™ na czas okreÅ›lony. a w grupie 25â€“29 lat odsetek zbliÅ¼a siÄ™ do 30 proc. Odsetek mÅ‚odych dorosÅ‚ych zatrudnionych na czas okreÅ›lony naleÅ¼y w Polsce do najwyÅ¼szych w Europie. a odsetek umÃ³w na czas okreÅ›lony przechodzÄ…cych w,Korwin
WojewÃ³dztwo mazowieckie jest gospodarczo wiÄ™ksze od Ukrainy oraz prawie dorÃ³wnuje WÄ™grom...ğŸ‘‡  Drugie najwiÄ™ksze wojewÃ³dztwo w Polsce pod wzglÄ™dem PKB jest na rÃ³wni z Luksemburgiem i niewiele brakuje mu do BuÅ‚garii.   Nasze najmniejsze wojewÃ³dztwo pod wzglÄ™dem PKB dorÃ³wnuje pod,Korwin
Will do.,Korwin
PodpisaÅ‚am siÄ™. jak wszyscy inni szefowie klubÃ³w koalicji rzÄ…dzÄ…cej. pod ograniczeniem wzrostÃ³w dla wszystkich instytucji. to byÅ‚a jedna poprawka. W sprawie PIP bÄ™dziemy skÅ‚adaÄ‡ osobnÄ… poprawkÄ™.,Korwin
Ale mina dziennikarzy zadajÄ…cych mi pytania A na kogo pani zagÅ‚osuje w II turze?. a ktÃ³ry kandydat jest lepszy: RT czy RS?. kiedy mÃ³wiÄ™. Å¼e na kandydata lub kandydatkÄ™ Lewicy. bezcenna. I oczywiÅ›cie nigdy nie publikujÄ… tych moich odpowiedzi.,Korwin
Knapik tak.,Korwin
Lisy i Giertychy? Naucz siÄ™ kultury. chamie!,Korwin
Jak Leszke.,Korwin
WidzÄ™. Å¼e politycy KO z luboÅ›ciÄ… szydzÄ… z moÅ¼liwej kandydatury Czarnka.  Z kaÅ¼dego moÅ¼liwego punktu widzenia to bÅ‚Ä…d. Plus prezent dla PiS i Czarnka.  PS. Z Dudy teÅ¼ mieliÅ›my polewkÄ™.ğŸ¤·â€â™‚ï¸,Korwin
Radek Sikorski przystÄ…piÅ‚ do twardej batalii. i chwaÅ‚a mu za to. Jego zwolennicy majÄ… wszelkie prawo wyraÅ¼aÄ‡ dla niego wsparcie. Ale zastanawiam gdzie jest punkt. w ktÃ³rym to jak niektÃ³rzy z nich to robiÄ…. bardzo uderzy i w KO i w szanse jej kandydata. Mam wraÅ¼enie. Å¼e ten punkt,Korwin
Nie. nie zapomnieliÅ›my.   PamiÄ™tamy i nie zapomnimy. O Jaruzelskim oraz Michniku.   Nigdy.,Korwin
MÃ³j komentarz o najwiÄ™kszym kÅ‚amstwie w polskiej historii. za ktÃ³rym stoi KaczyÅ„ski. Macierewicz to narzÄ™dzie. jego albo jego i Rosjan.  NajwiÄ™ksze kÅ‚amstwo w historii Polski | TOMASZ LIS KOMENTARZ 24.10.2024  przez,Korwin
Dobry  Czerwony to martwy Czerwony - a czy Czerwony jest biaÅ‚y. czarny. Å¼Ã³Å‚ty czy brunatny - to bez znaczenia.,Korwin
To nie jest gÅ‚osowanie nad ustawÄ….,Korwin
Ani Giertych. ani Petru. ani ja nie jesteÅ›my w rzÄ…dzie.,Korwin
Poczta w USA dziaÅ‚a koszmarnie. JuÅ¼ ponad 2 tygodnie od wyborÃ³w. a nadal spÅ‚ywajÄ… setki gÅ‚osÃ³w. Dziwnym trafem: na DemokratÃ³w. SzczegÃ³lnie w Kalifornii przewaga kandydatÃ³w RepublikanÃ³w topnieje. jak Å›nieg na wiosnÄ™. Ostatecznym wynikiem bÄ™dzie zapewne tylko 220 : 215. MoÅ¼e 221...,Korwin
sektor meblarski w poprzednim roku w branÅ¼y zawieszono dziaÅ‚alnoÅ›Ä‡ blisko 1.9 tys. firm. (wzrost o 4.4 proc. rdr.). PodkreÅ›lono. Å¼e w pierwszej poÅ‚owie 2024 roku dziaÅ‚alnoÅ›Ä‡ zawiesiÅ‚ kolejny 1 tys. firm.,Korwin
Tylko 74%!? Ludzie. to gdzie wy trzymacie Å›mieci?,Korwin
JeÅ›li zwiÄ…zkÃ³w partnerskich nie bÄ™dzie. to bÄ™dzie to wyÅ‚Ä…cznie wina nas. wyborcÃ³w. przynajmniej tych z nas. ktÃ³rzy gÅ‚osowali na ugrupowania. ktÃ³rzy z nimi walczÄ….,Korwin
ğŸ¤,Korwin
Tu ostro zaatakowaÅ‚em dzisiejszÄ… anty-cywilizacjÄ™. DodajÄ™: nie chodzi o to. Å¼e w naleÅ¼Ä…cej jeszcze do cywilizacji Polsce Å›p.Eligiusz Niewiadomski zostaÅ‚ rozstrzelany za zamordowanie Å›p.Gabryela Narutowicza - tylko o to. Å¼e jako czÅ‚owiek cywilizowany sam siÄ™ kary Å›mierci domagaÅ‚.,Korwin
# TrzaskowskiBliskoLudzi. blisko ludzkich spraw.,Korwin
Ma Pan juÅ¼ sformuÅ‚owane zarzuty? ğŸ‘‡,Korwin
Polacy wolÄ… KamalÄ™. PiS-ie i konfederackie czopki  kandydata Putina.,Korwin
Stay calm. Focus. Deliver.  Will do it.,Korwin
Wielki sukces Trumpa. ale  czynie znaczy poczÄ…tek Amenryki? Tryumf Trumpa | TOMASZ LIS KOMENTARZ 6.11.2024  przez,Korwin
uniewaÅ¼niajÄ…c maÅ‚Å¼eÅ„stwo,Korwin
MÃ³wiÅ‚em. Å¼e nasza wojna z UkrainÄ… potrwaÅ‚aby moÅ¼e 10 dni? M. in. dlatego. Å¼e dawniej ksiÄ™Å¼a sÅ‚awili walkÄ™ za OjczyznÄ™ - a dziÅ› pseudo-kapÅ‚ani bredzÄ…. Å¼e Å»ycie ludzkie jest NajwyÅ¼szÄ… WartoÅ›ciÄ….,Korwin
Zaprosili dÅ¼ihadystow Å¼eby Å¼yli na koszt ciÄ™Å¼ko pracujÄ…cych ludzi. a potem siÄ™ dziwiÄ…. Å¼e im rozwalajÄ… kraj. Na szczÄ™Å›cie to nie Poland. ale Holland.,Korwin
Oni zwierzÄ™ta lepiej karmiÄ…. A te wszystkie mamaÅ‚ygi sÄ… chyba tak bardzo popularne. Å¼e z powodu bardzo drogiej opieki dentystycznej wiÄ™kszoÅ›Ä‡ AmerykanÃ³w ma ubytki w szczÄ™ce: brakuje im zÄ™bÃ³w do gryzienia.,Korwin
ZarzÄ…d Alchemii. spÃ³Å‚ki zaleÅ¼nej Boryszewa. zdecydowaÅ‚ o rozpoczÄ™cia procesu likwidacji oddziaÅ‚u Rurexpol w CzÄ™stochowie.Alchemia S.A. zdecydowaÅ‚a siÄ™ na zamkniÄ™cie zakÅ‚adu Rurexpol w CzÄ™stochowie. co spowoduje zwolnienie setekÂ osÃ³b. ZamkniÄ™cie ma nastÄ…piÄ‡ wÂ wyniku trudnej,Korwin
Wg Zybertowicza elektorat PiS jest mÄ…drzejszy niÅ¼ elektorat KO. bo po obejrzeniu TVP oglÄ…daÅ‚ teÅ¼ TVN. A ten drugi do TVP nie zaglÄ…daÅ‚. JedzÄ…cy dobrÄ… zupÄ™ nie muszÄ… dla poprawki jeÅ›Ä‡ zupy z gÃ³wna. MoÅ¼e dlatego nie zaglÄ…daÅ‚. Nie wiem czy dowÃ³d kretynizmu.,Korwin
Warto ğŸ‘‡,Korwin
Tak.,Korwin
TeÅ¼ jak ch. Czemu Pan nie pyta,Korwin
W komentarzu do poprzedniego wpisu okreÅ›liÅ‚em COP jako bzdet. Co budzi opÃ³r niektÃ³rych - bo jak taki gigant nazwaÄ‡ bzdetem?,Korwin
w najbardziej optymistycznym scenariuszu. w latach 2025-2026 w miastach regionalnych planowane jest oddanie do uÅ¼ytku Å‚Ä…cznie 382 000 m kw. powierzchni biurowej. z czego ok. 141 000 jest juÅ¼ w budowie.,Korwin
Ponad 60 proc. firm deklaruje. Å¼e nie zaczÄ™Å‚y przygotowaÅ„ do wdroÅ¼enia nowego systemu raportowania CIT (JPK CIT) - wynika z badania Grant Thornton. 70 proc. badanych firm jest zdania. Å¼e nowa procedura oznacza wzrost obciÄ…Å¼enia dla ich dziaÅ‚Ã³w finansowo-ksiÄ™gowych.,Korwin
PowiedziaÅ‚ facet. ktÃ³ry sam byÅ‚ w PZPR-e ğŸ™„,Korwin
Po raz setny dziennikarze zadajÄ… innym kandydatom na prezydenta pytanie czy poprÄ… Trzaskowskiego.Po pierwsze.nawet nie zaczÄ™Å‚a siÄ™ jeszcze kampania.po drugie. Trzaskowski musi wejÅ›Ä‡ najpierw do II tury. Nie.Å¼aden szanujÄ…cy siÄ™ kandydat nie bÄ™dzie odpowiadaÅ‚ na tak postawione pyt.,Korwin
JeÅ›li popadnie w kolejnÄ… smutÄ™...,Korwin
Najpierw nieznajomoÅ›Ä‡ goÅ‚Ä™bia grzywacza. teraz udowodnienie kompletnej nieznajomoÅ›ci jÄ™zykowych realiÃ³w II RP. PoseÅ‚ki to byÅ‚ termin uÅ¼ywany przed wojnÄ… na okreÅ›lenie kobiet posÅ‚Ã³w. Gugiel aÅ¼ tak bardzo PaniÄ… dzisiaj boli?,Korwin
Kochani! Jak taka rakieta trafi w obiekt cywilny to ginie zazwyczaj parÄ™ osÃ³b. To nie humanitaryzm tylko to siÄ™ po prostu nie opÅ‚aca. Rakieta kosztuje - a Rosjanie umiejÄ… liczyÄ‡.,Korwin
Nie kÅ‚Ã³Ä‡cie siÄ™ ğŸ˜JeÅ¼eli Trzecia Droga nie dotrzyma umowy. @__Lewica powinna wyjÅ›Ä‡ z koalicji. To decyzja @__Lewica. x.com/300polityka/stâ€¦,Korwin
Adam. na razie bÄ™dzie TwÃ³j. za kilka dni. A ten majowy to tylko figura. BÄ™dzie pewne zwyciÄ™stwo.,Korwin
Pszenica na CBoT w kontrakcie grudniowym podroÅ¼aÅ‚a o 0.7 proc. i kosztowa 210.35 USD/t. W ujÄ™ciu r/r notowania nie zmieniÅ‚y siÄ™. Cena kukurydzy w kontrakcie z dostawÄ… w grudniu na gieÅ‚dzie w Chicago wzrosÅ‚a o 0.5 proc. i wyniosÅ‚a 164.76 USD/t. a przez ostatni rok obniÅ¼yÅ‚a siÄ™ o,Korwin
Strasznie cieniutki ten goÅ›Ä‡ od Holowni. ZupeÅ‚nie bezradny.,Korwin
DEPORT all illegals.   All of them.,Korwin
Nie.,Korwin
Bardzo Å‚atwo - powyÅ¼ej roku do Niemiec lub Dubaju. Pan chyba Å¼yje innym Å›wiecie. niÅ¼ wiÄ™kszoÅ›Ä‡ ludzi w Polsce.,Korwin
To nie fikoÅ‚ek ale fakty. oczywiste dla kaÅ¼dego kto ma pojÄ™cia o prawie.,Korwin
Eksport do krajÃ³wÂ pozaunijnych w 2024 roku Do krajÃ³w pozaunijnych (tzw. krajÃ³w trzecich) wyeksportowano produkty rolno-spoÅ¼ywcze oÂ wartoÅ›ci 9.2 mld euro (39.9 mld zÅ‚). co oznaczaÅ‚o wzrost wartoÅ›ci eksportu oÂ 1 proc. NajwiÄ™kszymi odbiorcami polskiego eksportu spoza UE byÅ‚y Wielka,Korwin
Kiepski to ma Trzaskowski codziennie w Warszawie. lekcewaÅ¼Ä…c niebezpieczeÅ„stwa groÅ¼Ä…ce warszawiankom i warszawiakom.,Korwin
DziÄ™kujÄ™! ğŸ‡µğŸ‡±Kandydatem. ktÃ³ry uzyskaÅ‚ najwiÄ™kszÄ… liczbÄ™ gÅ‚osÃ³w w caÅ‚ej Polsce nie startujÄ…c z pierwszego ani drugiego miejsca na liÅ›cie jest @D_Tarczynski. Gratulacje Å›wietnej kampanii.,Korwin
Ameryka to nie Manhattan i Hollywood. To. owszem. fascynujÄ…ce i barwne. ale tylko wyjÄ…tki od amerykaÅ„skiej normy. Kto tego rozumie zaszokowany uwaza. Å¼e lud znowu nie dorÃ³sÅ‚ do postÄ™powej elity.,Korwin
Cheers ğŸ¤,Korwin
Dzisiaj pod KatedrÄ… WarszawskÄ… wraz z KonfederacjÄ… Korony Polskiej uczciliÅ›my rocznicÄ™ odzyskania NiepodlegÅ‚oÅ›ci Polski. 7 paÅºdziernika 1918 roku Rada Regencyjna KrÃ³lestwa Polskiego ogÅ‚osiÅ‚a niepodlegÅ‚oÅ›Ä‡ ziem polskich.,Korwin
Zaskoczenie. Odcinek 2645 ğŸ‘‡Po wypowiedzi ministry Barbary Nowackiej na temat niejakiego Rymkiewicza powinno siÄ™ podnieÅ›Ä‡ powszechne larum nad poziomem intelektualnym i przygotowaniem merytorycznym do sprawowania tak odpowiedzialnych stanowisk. PrzecieÅ¼ to jest kompromitacja.,Korwin
Brawo  @CzarnekP  ğŸ‘,Korwin
WÅ‚aÅ›nie!,Korwin
Zamiast Å›miaÄ‡ siÄ™ z Nawrockiego na siÅ‚owni. lepiej samemu na niÄ… iÅ›Ä‡ i zrzuciÄ‡ kilka kilogramÃ³w. A czy sztanga to najlepsza kwalifikacja  prezydencka. to juÅ¼ inna historia.,Korwin
Anne Appelbaum to Polka. Z wyboru. ChoÄ‡ jest obywatelkÄ… Å›wiata i mogÅ‚a wybraÄ‡ na sto rÃ³Å¼nych sposobÃ³w. Nie dostaÅ‚a jak my wszyscy polskoÅ›ci z tytuÅ‚u urodzenia. Ten kraj sama wybraÅ‚a jako swÃ³j dom i ojczyznÄ™. To dla mnie polskoÅ›Ä‡ specjalnej. nadzwyczajnej prÃ³by. ğŸ’ªğŸ‡µğŸ‡±â¤ï¸,Korwin
Nie zna Pani propozycji likwidacji Å›mieciÃ³wek?,Korwin
Nieprawdopodobna ignorancja. Polacy nie wyobraÅ¼ajÄ… sobie. Å¼e poddani mogÄ… monarchÄ™ po prostu kochaÄ‡ i szanowaÄ‡. Nie wszyscy. oczywiÅ›cie...,Korwin
JeÅ›li Kosiniak i Holownia nie chcÄ… poprzeÄ‡ Trzaskowskiego. to niech wystawiÄ… swojego kandydata. a potem. w dniu pierwszej tury. policzy siÄ™ gÅ‚osy i zobaczy siÄ™ kto wejdzie do drugiej tury. Tak to dziaÅ‚a w demokracji. Tylko Å¼eby nie byÅ‚o jak 4 lata temu marudzenia: wygraÅ‚bym,Korwin
Lockheed Martin skutecznie zintegrowaÅ‚ pierwszÄ… wyprodukowanÄ… w Polsce przez PZL Mielec strukturÄ™ kadÅ‚uba F-16 Block 70/72 z caÅ‚ym odrzutowcem. miaÅ‚o to miejsce w zakÅ‚adzie w Greenville w Karolinie PoÅ‚udniowej.Po raz pierwszy tylny kadÅ‚ub z PZL Mielec zostaÅ‚ poÅ‚Ä…czony z samolotem,Korwin
To nie to przedsiÄ™biorstwo ğŸ™„,Korwin
Nie wiem?,Korwin
Bankrut nie robi interesÃ³w z nikim. bo jest bankrutem ğŸ’ğŸ»â€â™€ï¸,Korwin
StraÅ¼akÄ…? Aha.,Korwin
PrzykÅ‚adowy argument - a uÅ¼yÅ‚em ich kilkanaÅ›cie: Rosjanie starannie planowali zamach? Tak? To dlaczego prosili kilka razy pilotÃ³w. by lecieli lÄ…dowaÄ‡ gdzie indziej? Polak odpowiada: wiadomo. Å¼e to Ruskie. SkÄ…d wiadomo? Bo to mordercy. A skÄ…d wiemy. Å¼e mordercy? Bo zrobili zamach!,Korwin
Wizz Air urÃ³sÅ‚ w Polsce o 6 proc. rok do roku.,Korwin
Przez lata w Polsce stawiano Niemcy za wzÃ³r do naÅ›ladowania. jakby byÅ‚ to jedyny kraj na Å›wiecie. ktÃ³ry cudownie nie popeÅ‚nia bÅ‚Ä™dÃ³w. OtÃ³Å¼ popeÅ‚niÅ‚. i to powaÅ¼ne. Nie moÅ¼emy Å›lepo i bezrefleksyjnie podÄ…Å¼aÄ‡ za zachodnim sÄ…siadem. PowinniÅ›my mieÄ‡ wÅ‚asnÄ… Å›cieÅ¼kÄ™ rozwoju.Jeszcze kilka lat temu ğŸ‡©ğŸ‡ª uwaÅ¼ano za gospodarczy wzÃ³r dla niemal caÅ‚ego Å›wiata. TakÅ¼e dla nas. DziÅ› sÄ… juÅ¼ raczej wzorem tego. czego nie powinno siÄ™ robiÄ‡.  A historia tej degrengolady jest bardzo pouczajÄ…ca.  Zapraszam na ğŸ§µğŸ‘‡ o ğŸ‡©ğŸ‡ª festiwalu gÅ‚upich krokÃ³w.,Korwin
OkazaÅ‚o siÄ™. Å¼e fani klubu Omonoia (Cypr) to miÅ‚oÅ›nicy komuny! ByÅ‚ Sierp-i-MÅ‚ot. Che Guevara i Armia Czerwona. ktÃ³ra wyzwoliÅ‚a WarszawÄ™. DziÄ™ki temu zawodnicy LEGII dostali przypÅ‚ywu adrenaliny i dokopali im 3:0. ZabrakÅ‚o transparentu z CzerwonÄ… KawaleriÄ… bijÄ…cÄ… Rosjan na Krymie!,Korwin
TRUMP: â€œKamala wants a second debate because she LOST! #Debate2024,Korwin
WÂ III kw. sieÄ‡ Dino uruchomiÅ‚a 69 nowych marketÃ³w. aÂ narastajÄ…co odÂ poczÄ…tku roku powiÄ™kszyÅ‚a siÄ™ oÂ 167 nowych marketÃ³w. NaÂ koniec wrzeÅ›nia 2024Â r. wÂ Polsce funkcjonowaÅ‚y 2572 sklepy sieci.,Korwin
Gdyby chodziÅ‚o o osÅ‚onÄ™ ukraiÅ„skich instalacyj gazowych w Stryju czy gdzie bÄ…dÅº naleÅ¼aÅ‚oby Ukrainie podarowaÄ‡ jeszcze te rakiety. niech je rozmieÅ›ci na Podolu czy WoÅ‚yniu. co byÅ‚oby znacznie bardziej skuteczne.  Nie: tu chodzi o wciÄ…gniÄ™cie Polski do wojny.  ProszÄ™ o propagacjÄ™!,Korwin
kto nie jest za LGBTQZ,Korwin
Na podrÃ³Å¼e tak. ale jest jeszcze wynajem sal.,Korwin
Za odejÅ›cie Mbappe do Realu nie dali ZÅ‚otej PiÅ‚ki Viniciusowi. Parodia nie plebiscyt.,Korwin
Å»yjÄ™ wÅ›rÃ³d niepeÅ‚nosprawnych umysÅ‚owo. Non bis idem: sÄ…d nie moÅ¼e dwa razy karaÄ‡ za to samo. jasne - ale JE Adam Bodnar rozciÄ…ga to na aresztowanie! Czyli jeÅ›li zatrzymamy kogoÅ› - i zwolnimy. bo ma on trÄ…d. a potem okaÅ¼e siÄ™. Å¼e nie ma on trÄ…du - to juÅ¼ nie moÅ¼na go aresztowaÄ‡?!?,Korwin
Za 2 dni minie 10 lat od ogÅ‚oszenia. Å¼e Andrzej Duda bÄ™dzie kandydatem PiS na prezydenta. Wytrzymanie z DudÄ… przez dekadÄ™ Å›wiadczy o niezwykÅ‚ej cierpliwoÅ›ci i wytrzymaÅ‚oÅ›ci PolakÃ³w.,Korwin
Niesamowite jest odklejenie razemkÃ³w od wczoraj i iloÅ›Ä‡ dezinformacji dotyczÄ…cej tej wolnej Wigilii.   WiÄ™c w skrÃ³cie. jak to wyglÄ…da:  1. 15 milionÃ³w pracownikÃ³w dostaÅ‚o dodatkowy dzieÅ„ wolny. 2. 85% z nich dostaÅ‚o to zupeÅ‚nie za darmo,Korwin
Tak - bo to pretekst do wciÄ…gania nas w tÄ™ wojnÄ™!,Korwin
Dekarbonizacja gospodarki Polski do 2050 r. wymaga inwestycji w wysokoÅ›ci ok. 450 mld dol.. a fundusze UE pokryjÄ… mniej niÅ¼ poÅ‚owÄ™ tych potrzeb - wskazaÅ‚ Bank Åšwiatowy.,Korwin
Maksymalna opÅ‚ata za jednego psa od przyszÅ‚ego roku ma wynieÅ›Ä‡ 178.26 zÅ‚.,Korwin
sezon rowerowy: W systemach ktÃ³re zakoÅ„czyÅ‚y juÅ¼ sezon najwiÄ™cej wypoÅ¼yczeÅ„ w tym roku odnotowaÅ‚ BiaÅ‚ystok. z wynikiem prawie 375 tys. przejazdÃ³w. Na kolejnych miejscach uplasowaÅ‚y siÄ™:  CzÄ™stochowa â€“ 39 tys. przejazdÃ³w. Å»yrardowski â€“ 30 tys. przejazdÃ³w. ÅomÅ¼a â€“ 18.5 tys.,Korwin
40 lat temu funkcjonariusze SB porwali i zamordowali ksiÄ™dza Jerzego PopieÅ‚uszkÄ™. kapÅ‚ana SolidarnoÅ›ci i jednego z bohaterÃ³w polskiej wolnoÅ›ci. RIP.â¤ï¸ğŸ‡µğŸ‡±âœŒï¸,Korwin
mamy okoÅ‚o 8000 Å‚adowarek. ale nie sÄ… one takie same. PrzewaÅ¼ajÄ… wÅ›rÃ³d nich tzw. wolne Å‚adowarki. Åadowarek. ktÃ³re pozwoliÅ‚yby zaÅ‚adowaÄ‡ samochÃ³d w kwadrans. jest mniej niÅ¼ 300,Korwin
DziÄ™kujÄ™ za komentarz i zasiÄ™gi.,Korwin
O 20 o prawyborach  KWARTET POLITYCZNY | Tomasz Lis. WiesÅ‚aw WÅ‚adyka. Jakub BierzyÅ„ski. Bart...  przez,Korwin
Ale-Å¼ pewno pchajÄ…. Natomiast ci z UE USA pchajÄ… jawnie. bezczelnie i w wielkich iloÅ›ciach. Dlaczego im wolno siaÄ‡ propagandÄ™. a Rosji nie?,Korwin
A. jak udziela siÄ™ spoÅ‚ecznie to juÅ¼ ma wieksze prawa?,Korwin
Nie przegÅ‚osujÄ…. Nikt siÄ™ nie zamachnie na Å›wieckÄ… Å›wiÄ™toÅ›Ä‡ PolakÃ³w - majÃ³wkowy grill. Mentzen teÅ¼ wtedy robi grilla.,Korwin
Nie. Lewica tradycyjnie. mocno i szczerze NIENAWIDZI Rosji (no. chyba. Å¼e ta Rosja jest w caÅ‚oÅ›ci okupowana przez ZwiÄ…zek Sowiecki WalczÄ…cy o PokÃ³j i DemokracjÄ™ LudowÄ…); ale samej Rosji - nienawidzi.  Dziwne. Å¼e ten poglÄ…d podziela czÄ™Å›Ä‡ ludzi uwaÅ¼ajÄ…cych siÄ™ za prawicowcÃ³w...Polska jest gotowa na to. Å¼eby przejÄ…Ä‡ od USA koszt wsparcia Ukrainy?!?!?!  Wam w tym rzÄ…dzie sufit na gÅ‚owÄ™ ostatnio nie spadÅ‚?,Korwin
Ja,Korwin
Pszenica na CBoT w kontrakcie grudniowym  potaniaÅ‚a o 0.4 proc. i kosztowa 208.70 USD/t. W ujÄ™ciu r/r notowania wzrosÅ‚y o 1.1 proc. Przez tydzieÅ„ cena spadÅ‚a o 0.2 proc. Cena kukurydzy w kontrakcie z dostawÄ… w grudniu na gieÅ‚dzie w Chicago wzrosÅ‚a o 0.9 proc. i wyniosÅ‚a 163.18,Korwin
Ja nie wiem. czy #ZatopienieOceanii to wykrycie grupki cwaniakÃ³w. ktÃ³rzy od lat pÅ‚ywajÄ… sobie po oceanach na koszt Ojczyzny - czy zniszczenie uczonych prowadzÄ…cych powaÅ¼ne badania. Powinien to sprawdzaÄ‡ prywatny wÅ‚aÅ›ciciel prywatnej fundacji - bo ja to sÅ‚yszÄ™ 2 chÃ³ry polit-fanÃ³w:,Korwin
Przychody Grupy KapitaÅ‚owej Stalexport Autostrady wzrosÅ‚y w trzech kwartaÅ‚ach 2024Â r. o 14.2 proc. w porÃ³wnaniu do tego samego okresu 2023 roku i wyniosÅ‚y 434.9 mln zÅ‚. Zysk netto wzrÃ³sÅ‚ o 11.8 proc. i osiÄ…gnÄ…Å‚ poziom 141.8 mln zÅ‚. EBIDTA wyniosÅ‚a blisko 246.2 mln zÅ‚ i byÅ‚a o ok.,Korwin
P.Donald Trump obiecaÅ‚. Å¼e 20-I naÅ‚oÅ¼y na KanadÄ™ i Meksyk karne cÅ‚a na wszystko - za nasyÅ‚anie do USA imigrantÃ³w i narkotykÃ³w. A na ChRL wyÅ¼sze - za przysyÅ‚anie fentanylu. Jak sobie Amerykanie poradzÄ… z drogÄ… tequilÄ…. syropem klonowym i zabawkami? Na szczÄ™Å›cie bÄ™dzie po ÅšwiÄ™tach.,Korwin
Tej nocy PBD bÄ™dzie najwiÄ™kszÄ… produkcjÄ…. 2000 osÃ³b jako publicznoÅ›Ä‡. zorganizowany na lotnisku w specjalnym hangarze.  DuuuÅ¼a produkcja. Warto zobaczyÄ‡.,Korwin
Nie tylko JE RadosÅ‚aw Sikorski. JE Donald Tusk teÅ¼ dawniej mÃ³wiÅ‚ z sensem. Co siÄ™ z tymi ludÅºmi staÅ‚o?!? Gdy zapadaÅ‚a decyzja o budowie tÅ‚umaczono nam. Å¼e ta stacja ma chroniÄ‡ USA przed rakietami z Iranu!! UwaÅ¼ajÄ… nas za kompletnych durniÃ³w.Tu jest dowÃ³d. jak Donald Tusk gorliwie namawiaÅ‚ niechÄ™tne USA do budowy Tarczy Antyrakietowej (przeciwko agresji rakietowej Rosji putinowskiej) w Redzikowie koÅ‚o SÅ‚upska.ğŸ˜ #PociagPrawych,Korwin
